Pearson_r,Variance_obs,Variance_mod,SD_obs,SD_mod,Covariance,Bias,MAE,RMSE,NSE,lnlikelihood,par_id,model
0.941270690764285,35.5871418544012,44.453344505025,5.96605806346876,6.66796239072007,37.4380578660759,0.772776367708012,1.63303235927483,2.4003237160355,0.838100121517628,-20165.0901801839,p0001,FLake
0.90124284355122,35.5871418544012,52.6423036908914,5.96605806346876,7.25618529045295,39.0081924921895,0.978733218355739,2.50791311480526,3.34230149352607,0.686095069974129,-34519.0002982853,p0002,FLake
0.899955786584798,35.5871418544012,51.8225132800728,5.96605806346876,7.19946387281995,38.647994640207,1.43512890785405,2.44213122962053,3.48902003952664,0.657930921060665,-37178.5544246229,p0003,FLake
0.92108803701939,35.5871418544012,48.4353001526995,5.96605806346876,6.96020319779082,38.2409518952567,0.888292302968388,2.07758546396538,2.88610488931019,0.765937892225811,-26979.4041957951,p0004,FLake
0.941407625332834,35.5871418544012,48.0424948429813,5.96605806346876,6.93192247608252,38.9257547957786,1.34672577481415,1.9132096657223,2.75532165424914,0.786670212251527,-25021.6412453732,p0005,FLake
0.961474989035526,35.5871418544012,24.5758229356207,5.96605806346876,4.95786795305256,28.4340407036434,-1.11513193436345,1.4866003299858,2.13035269703691,0.872470718993379,-16919.4581313623,p0006,FLake
0.862332083735856,35.5871418544012,70.614156344267,5.96605806346876,8.40401479674595,43.2281835454102,3.00357939518649,3.87966584089825,5.36343362884605,0.191662527754274,-81208.5030379832,p0007,FLake
0.8680815652699,35.5871418544012,69.3752301932877,5.96605806346876,8.32996428909684,43.1329643950678,2.66385849669966,3.73293123821709,5.07864010813844,0.275227399448981,-73317.432016615,p0008,FLake
0.876459911363798,35.5871418544012,62.3639295663819,5.96605806346876,7.89782774183677,41.2900441737902,2.07814182816551,3.35592091191377,4.4373028442032,0.446719924524123,-57123.310401187,p0009,FLake
0.892553393444198,35.5871418544012,59.165550191271,5.96605806346876,7.69263939615055,40.9557811793706,2.19920241711786,2.97536671853823,4.20447630013394,0.503258198404553,-51784.3740087997,p0010,FLake
0.876417353829078,35.5871418544012,61.5937831307644,5.96605806346876,7.84891020828862,41.0323095965955,2.69285660489398,3.32162818934341,4.72945900568932,0.371464486302109,-64229.7176236338,p0011,FLake
0.887791369306647,35.5871418544012,57.0022227738306,5.96605806346876,7.55069306410644,39.9855771507022,2.17889942674239,2.87692753262376,4.16723085977796,0.512020012460259,-50956.9916938698,p0012,FLake
0.943617305218958,35.5871418544012,46.0099409224828,5.96605806346876,6.78370195592647,38.1828454364462,1.17034068650329,1.78440860682531,2.56925849740285,0.814509149021184,-22392.7970581732,p0013,FLake
0.955395814465098,35.5871418544012,39.0733054512209,5.96605806346876,6.25145338592692,35.6262380338733,0.81180271666563,1.32474894606452,2.0166791734585,0.885717293473562,-15668.5777327799,p0014,FLake
0.946786570856797,35.5871418544012,39.7888184007156,5.96605806346876,6.3084322327893,35.6269927288008,0.745581529847718,1.39838953845508,2.16283763032858,0.868551775405172,-17289.5258590585,p0015,FLake
0.887064927337296,35.5871418544012,55.1929354996161,5.96605806346876,7.42989485021143,39.3136810388198,1.22690749201321,2.7559578529441,3.6956754822814,0.616209210444174,-41118.3556225533,p0016,FLake
0.876587909955106,35.5871418544012,65.0552255084286,5.96605806346876,8.06644197891808,42.1777224446545,2.3385162407174,3.48074675991123,4.66428780004192,0.388667379621854,-62605.2401343956,p0017,FLake
0.964707039385924,35.5871418544012,33.8307877578811,5.96605806346876,5.8169720394142,33.4732635991896,-0.4574060936539,1.13380976921323,1.63726074539605,0.924674401799893,-11989.839258636,p0018,FLake
0.870862914007347,35.5871418544012,66.9355132352625,5.96605806346876,8.18218358973821,42.5034956908224,2.4277746005975,3.55361716023414,4.8383626589297,0.34218507023963,-66994.5869631968,p0019,FLake
0.858052006734384,35.5871418544012,69.556527981958,5.96605806346876,8.34084150519284,42.6902908608697,2.95458399545486,3.87895583378415,5.33785113138404,0.199355350946958,-80482.0660443375,p0020,FLake
0.956453116960399,35.5871418544012,29.0037038503854,5.96605806346876,5.38601615845863,30.7281895073053,-0.665703388559713,1.24162500273185,1.89146178700916,0.899468529775357,-14370.0418756853,p0021,FLake
0.873353835853843,35.5871418544012,60.5194290140729,5.96605806346876,7.78015648055896,40.5307087072134,2.31040975284603,3.18188857966399,4.51476983689017,0.427232825735557,-58963.4865113448,p0022,FLake
0.881016960019002,35.5871418544012,62.3808146294323,5.96605806346876,7.89889683975144,41.5103451600417,2.42457036586146,3.24748608857534,4.56353017112451,0.414794036903302,-60138.0873227207,p0023,FLake
0.959613186438946,35.5871418544012,31.4833973618418,5.96605806346876,5.61153552143017,32.1205932068672,-0.410444775963211,1.15974800610017,1.73142072201533,0.91576121148225,-12831.5161067792,p0024,FLake
0.886696413254271,35.5871418544012,56.8090222817835,5.96605806346876,7.53788623186871,39.868524573307,1.47090706725317,2.86536033451504,3.85002371292258,0.583482071959849,-44208.7950484577,p0025,FLake
0.954345433619779,35.5871418544012,38.5149513199742,5.96605806346876,6.206626303755,35.3318868709353,0.425751734283163,1.3134914347563,1.90252042610581,0.898289556757361,-14481.3728647554,p0026,FLake
0.897529137322978,35.5871418544012,49.4243337241018,5.96605806346876,7.03090666450848,37.6413787673812,1.25211900905163,2.31359506675256,3.36102961256949,0.682567369338431,-34852.1227658231,p0027,FLake
0.90147602015372,35.5871418544012,64.9106648168327,5.96605806346876,8.05747468273385,43.3270142565423,2.88646556609755,3.42602572673924,4.70908288549015,0.376868709683307,-63719.3942107987,p0028,FLake
0.859777373461068,35.5871418544012,70.6587163101311,5.96605806346876,8.40666599002378,43.1137141561348,2.92025120725241,3.85949515397805,5.34287347461288,0.197848001322661,-80624.4057942604,p0029,FLake
0.953044543710297,35.5871418544012,37.5495124991899,5.96605806346876,6.12834311224452,34.8386971544216,-0.098951513788155,1.25358936050627,1.86253897860662,0.902519526265356,-14081.9348098779,p0030,FLake
0.86197888158595,35.5871418544012,67.2655351019523,5.96605806346876,8.20232969105334,42.1734841111097,2.3700737082515,3.58552135311194,4.91151281344955,0.322143986292182,-68887.0761583251,p0031,FLake
0.882845367714482,35.5871418544012,60.5707359783729,5.96605806346876,7.78345369973357,40.9885563797551,1.7438521880294,3.11064292178665,4.14991391801791,0.516067190857339,-50574.8146915023,p0032,FLake
0.950228496729616,35.5871418544012,34.1671418198919,5.96605806346876,5.84581740739516,33.1343862384032,-0.25615149586492,1.23072049347791,1.88444283179953,0.900213262395462,-14299.716416219,p0033,FLake
0.921736808656344,35.5871418544012,55.6719360179573,5.96605806346876,7.46206595245563,41.0271782133706,2.02967910999054,2.50956231244187,3.65024913329888,0.625586151603198,-40232.8865594358,p0034,FLake
0.922643332791521,35.5871418544012,56.2909260233057,5.96605806346876,7.50343487628477,41.2952024044187,2.0546350046363,2.57228193480064,3.67548473961548,0.620391316436233,-40723.4373425039,p0035,FLake
0.931973935914628,35.5871418544012,50.2854044082291,5.96605806346876,7.09188842915679,39.424963065704,1.45152810976017,2.03912782739636,3.02151518027733,0.7434591959647,-29102.0782939764,p0036,FLake
0.921648738352928,35.5871418544012,46.4932891052087,5.96605806346876,6.81924127042084,37.4892820214894,1.04150010865412,1.9100084212585,2.86122166092696,0.769956535805779,-26599.9217499302,p0037,FLake
0.943847147206799,35.5871418544012,39.4770904226121,5.96605806346876,6.28367173772639,35.3769827997815,0.637703200068381,1.4418088606098,2.17184991397376,0.867454035276944,-17393.1859872819,p0038,FLake
0.893228884044215,35.5871418544012,62.5939976554943,5.96605806346876,7.9123823522897,42.1575785264878,2.61824692002839,3.25782490141356,4.55205441434504,0.417733532073594,-59860.5093801554,p0039,FLake
0.939946196154796,35.5871418544012,44.458987440964,5.96605806346876,6.66838559499203,37.3877502639528,1.02487625623161,1.64444547857485,2.51415992093722,0.822379663590059,-21649.58058242,p0040,FLake
0.869990196156561,35.5871418544012,67.7842786960818,5.96605806346876,8.23389663041361,42.7292630739408,2.46925524923981,3.60059284484883,4.90001182534285,0.325314857070201,-68587.6493058512,p0041,FLake
0.863205690565041,35.5871418544012,66.1886638305509,5.96605806346876,8.13640818394909,41.8940798777907,2.46850779407412,3.51643590309184,4.90725754966819,0.323318046801862,-68776.2090597778,p0042,FLake
0.877976217242336,35.5871418544012,66.4543236726616,5.96605806346876,8.15272028501913,42.696367486295,2.84002682547405,3.55978699606835,4.97136630353116,0.305522117370363,-70456.6872342463,p0043,FLake
0.859838795470549,35.5871418544012,76.7706622495845,5.96605806346876,8.76271253097993,44.9429147138346,3.66764518899861,4.33406243692729,5.99362961056998,-0.00945437134784544,-100200.068539456,p0044,FLake
0.95914088583854,35.5871418544012,31.3559397403663,5.96605806346876,5.60016511054659,32.0397316233778,-0.41856987938589,1.11970737916192,1.74322089591109,0.914609071322055,-12940.3132561829,p0045,FLake
0.959898452223847,35.5871418544012,25.4039024361501,5.96605806346876,5.04070334429364,28.8617103722459,-0.98513883166023,1.41918587552112,2.05866997445059,0.880908613536767,-16122.6636917568,p0046,FLake
0.934343835150891,35.5871418544012,44.1680018342061,5.96605806346876,6.64652736365981,37.0430856052595,0.749898773958579,1.67017171298968,2.49626133433039,0.824899659692612,-21411.6161385629,p0047,FLake
0.952544417372735,35.5871418544012,33.372957644542,5.96605806346876,5.77747759049127,32.8268446155617,-0.163025394919017,1.17973950325832,1.82564715846416,0.906342926868232,-13720.8892522343,p0048,FLake
0.941942953822429,35.5871418544012,47.3146113829323,5.96605806346876,6.87920988000559,38.6517173654868,1.27146482807667,1.86748269675751,2.68606427983322,0.797259882658893,-24021.6535761203,p0049,FLake
0.923172185399381,35.5871418544012,55.8544380923058,5.96605806346876,7.47428690568949,41.1583645270962,2.01957480555141,2.53187944508052,3.63366664510279,0.628980227135054,-39912.3823747155,p0050,FLake
0.890842871831449,35.5871418544012,48.03002405116,5.96605806346876,6.93102272917048,36.8301990560987,1.06020310406448,2.2988453085275,3.3287833235631,0.688629155424535,-34279.7053905347,p0051,FLake
0.914157687335775,35.5871418544012,50.085229172717,5.96605806346876,7.07775872221514,38.5942408772604,0.978072646154811,2.25652074254317,3.07254216793743,0.734721169449969,-29927.2143399725,p0052,FLake
0.897457911821975,35.5871418544012,53.3633041148634,5.96605806346876,7.30570744537055,39.109476376307,1.03781343329665,2.59541571439552,3.43635707384748,0.668179310738292,-36210.7940588049,p0053,FLake
0.939801118536085,35.5871418544012,40.3819470798079,5.96605806346876,6.3552779403666,35.6267445624938,0.150686647643213,1.45296424049022,2.17676509412466,0.866853418732375,-17449.9024964285,p0054,FLake
0.889265980339763,35.5871418544012,56.5566121031491,5.96605806346876,7.52112166470221,39.8951338158529,2.01624568500176,2.82737273177799,4.05200357701383,0.538632996847364,-48443.9147797277,p0055,FLake
0.891288478203394,35.5871418544012,56.0637727181455,5.96605806346876,7.48828009804903,39.8112676957544,1.34388876515803,2.80094115130541,3.71946450368274,0.611252394172112,-41586.4301669099,p0056,FLake
0.945192170779143,35.5871418544012,42.0558961219553,5.96605806346876,6.48566282069535,36.5662240547813,0.566813693339926,1.46891978582193,2.19815095699807,0.864224341209521,-17698.1675512629,p0057,FLake
0.956993277623255,35.5871418544012,32.7590540234571,5.96605806346876,5.72409189196443,32.6754154386824,-0.667747065060289,1.36639714021375,1.85506095409023,0.903300715818386,-14008.166704703,p0058,FLake
0.96708454713533,35.5871418544012,30.9663194968649,5.96605806346876,5.56526329940973,32.1037521410098,-0.570700936818703,1.10853347813617,1.63452030532881,0.924926350099628,-11966.0476595274,p0059,FLake
0.958187368738426,35.5871418544012,29.7054980027119,5.96605806346876,5.45078861044545,31.1541147365373,-0.841032740156325,1.41533911241605,1.92139180128715,0.896261788340361,-14672.8560115481,p0060,FLake
0.862712135983535,35.5871418544012,70.0261210964146,5.96605806346876,8.36894967313626,43.0667894766673,2.69219236095902,3.80317091207719,5.16987269726125,0.248953911071626,-75798.4501592892,p0061,FLake
0.857545014400595,35.5871418544012,73.2596557584639,5.96605806346876,8.55999198040028,43.7860650492706,3.05745001425611,4.04207806889082,5.53377521263727,0.139501895676644,-86134.0566096776,p0062,FLake
0.921463786862523,35.5871418544012,52.2968351777857,5.96605806346876,7.23233650677636,39.7523246794038,1.20927666819248,2.24623431428843,3.13714483784444,0.723448492326819,-30991.698661862,p0063,FLake
0.917182395301456,35.5871418544012,48.0079805730952,5.96605806346876,6.92943204308761,37.9104538695654,1.25392056996939,2.06283965302675,3.05720975468776,0.737362120217528,-29677.8280889305,p0064,FLake
0.910411427574549,35.5871418544012,50.8238877918523,5.96605806346876,7.12975920778396,38.7184708467613,1.27699968424097,2.31382122819428,3.25650366901108,0.70200427475546,-33016.6864398781,p0065,FLake
0.952470154105511,35.5871418544012,33.6847603148714,5.96605806346876,5.80440425393728,32.9772670589902,-0.0609148040518969,1.17962400043439,1.82238268885681,0.906677566907941,-13689.2890323526,p0066,FLake
0.87720416898272,35.5871418544012,62.0797193855804,5.96605806346876,7.87981086670238,41.2308334991804,1.9224737995081,3.24568400206543,4.34753950544626,0.46887839914915,-55030.8749860993,p0067,FLake
0.876143028502018,35.5871418544012,60.1171331211747,5.96605806346876,7.75425451929667,40.5247827391045,1.69443330776149,3.0967265404371,4.18638432681693,0.50752398707594,-51381.5535330975,p0068,FLake
0.927743955202411,35.5871418544012,52.0643228635529,5.96605806346876,7.2162410722188,39.9341826805677,1.31183691317045,2.25222365556965,3.0828583236301,0.73293681514353,-30095.7117752444,p0069,FLake
0.865172617823304,35.5871418544012,66.0753340110833,5.96605806346876,8.12943952296596,41.9535778764995,2.35330560088641,3.49173263120902,4.82632027155771,0.345455517081148,-66685.7570951595,p0070,FLake
0.886600504261994,35.5871418544012,59.9969517355442,5.96605806346876,7.74649979760606,40.9674678522743,1.66764989551993,3.04490010820036,4.05342004478001,0.538310378320185,-48474.3798023999,p0071,FLake
0.963667659809174,35.5871418544012,27.5233275283288,5.96605806346876,5.24676230990915,30.1595118828276,-1.33986163681744,1.65937869766226,2.14165235808473,0.871114268134949,-17047.5484382555,p0072,FLake
0.948054847391993,35.5871418544012,41.3981514237514,5.96605806346876,6.43474580407863,36.3890311060831,0.898842633817607,1.56037499340815,2.23945286763411,0.859074123826149,-18184.5050555692,p0073,FLake
0.922543277021877,35.5871418544012,47.1970318818978,5.96605806346876,6.8706569491139,37.8086043998009,1.09582397345421,2.05180074101254,2.89271414375741,0.764864648256115,-27080.751139988,p0074,FLake
0.856815937593224,35.5871418544012,74.1607209439737,5.96605806346876,8.61247337935375,44.0170631228854,3.13111267711467,4.1164100497701,5.6140540743203,0.114354187859726,-88508.7667526297,p0075,FLake
0.881900604526443,35.5871418544012,57.5164986879097,5.96605806346876,7.58467788280365,39.8990371466995,1.41186052570377,2.92986939779704,3.91138292589111,0.570099884516003,-45472.4814444166,p0076,FLake
0.942626916320669,35.5871418544012,37.8430897950364,5.96605806346876,6.15225340233535,34.5923196642568,-0.334495070654572,1.41462999076193,2.0874576099208,0.877554671542768,-16439.3780471966,p0077,FLake
0.898155362126801,35.5871418544012,54.3455391137141,5.96605806346876,7.37263734317539,39.4984426429003,1.43042374295769,2.59856680446116,3.60304146059016,0.63520791245768,-39324.2990547397,p0078,FLake
0.94392795714416,35.5871418544012,45.9619824753849,5.96605806346876,6.78016553936638,38.1755040798414,1.22447002848334,1.73624015120829,2.58794185034312,0.811801603844478,-22648.4718512968,p0079,FLake
0.9028753081495,35.5871418544012,50.5181270881805,5.96605806346876,7.10828024432393,38.2822937502208,0.992187952510099,2.35550884675443,3.24424388344129,0.704243785064055,-32805.2084044331,p0080,FLake
0.954924659795898,35.5871418544012,36.9828799167841,5.96605806346876,6.081928142298,34.643042533881,0.698534973797191,1.28147640060378,1.94213485964314,0.894009813193958,-14885.5111076217,p0081,FLake
0.905162546945464,35.5871418544012,51.3864850226616,5.96605806346876,7.16911219204832,38.7077196050307,1.39328491469893,2.37021462554019,3.39108102535594,0.676865577809619,-35390.5456819411,p0082,FLake
0.954399557640891,35.5871418544012,37.2376626206124,5.96605806346876,6.10284201415644,34.7430539346047,0.500055544502869,1.24768310912191,1.89440020940462,0.899155931991531,-14399.5606347436,p0083,FLake
0.954289709087039,35.5871418544012,38.6354012026159,5.96605806346876,6.21632388617254,35.3850251369408,0.0786204851922042,1.26416791219276,1.85975104888463,0.902811133920839,-14054.3981587334,p0084,FLake
0.945067746252359,35.5871418544012,35.8667380456446,5.96605806346876,5.98944886465093,33.7641201305183,0.0810894539597137,1.23454800835235,1.9829813762496,0.889504609427732,-15310.939665867,p0085,FLake
0.87032042170365,35.5871418544012,64.7532314326479,5.96605806346876,8.04769750971603,41.7788471691239,2.30530852892204,3.3876975126292,4.70075806251736,0.379069933384125,-63511.5315981385,p0086,FLake
0.923824443463951,35.5871418544012,49.4213521542159,5.96605806346876,7.030694588248,38.7430061499925,1.41644648218978,2.15278879059043,3.08687582282475,0.732240302283182,-30161.4838196075,p0087,FLake
0.887635489438929,35.5871418544012,53.8589350019422,5.96605806346876,7.33955622459127,38.8606529376723,1.40011050028034,2.618040689215,3.69933512864056,0.615448735670197,-41190.1676211804,p0088,FLake
0.899542023685295,35.5871418544012,52.7016001395092,5.96605806346876,7.26027083471143,38.9564983152658,1.10197022954204,2.53787251216794,3.40442120633975,0.674318218709592,-35631.0940268087,p0089,FLake
0.899964471188652,35.5871418544012,48.3233680596046,5.96605806346876,6.95215616669112,37.3207633029704,1.24360585267293,2.22793675034386,3.28869865218257,0.696082959707262,-33575.839067503,p0090,FLake
0.875433666953655,35.5871418544012,62.8740401506985,5.96605806346876,7.93006240596423,41.4100240983606,1.91745689781331,3.26734468371025,4.39519905844438,0.457169815929986,-56136.5221302673,p0091,FLake
0.89228164268713,35.5871418544012,58.6414014586358,5.96605806346876,7.65848897383917,40.761549359142,1.50653162819267,2.9002109373375,3.86976512743317,0.579199638937965,-44613.1872581819,p0092,FLake
0.875736935657605,35.5871418544012,66.3458183223132,5.96605806346876,8.14606176295373,42.5526880356232,2.38799286962542,3.6252062848743,4.74658762173942,0.366903525351153,-64660.4113596473,p0093,FLake
0.876337513498866,35.5871418544012,62.4166162514361,5.96605806346876,7.90116318363464,41.301713347201,1.95306920910899,3.28812259903106,4.38347017179369,0.460063108590761,-55863.307112895,p0094,FLake
0.85746891927812,35.5871418544012,79.6773292647779,5.96605806346876,8.92705694634941,45.6596234965148,4.07278280520652,4.62541194539819,6.36653625643767,-0.138972724203826,-112430.548886402,p0095,FLake
0.937730465238354,35.5871418544012,42.7860336851539,5.96605806346876,6.54171975805846,36.5911109026828,0.484904816548388,1.55162733707866,2.32939614821123,0.847526771396781,-19274.9270987192,p0096,FLake
0.954580281532864,35.5871418544012,35.7923421938839,5.96605806346876,5.98323389392621,34.0685832108136,-0.111683246968165,1.17530430866068,1.80410387015585,0.908540259073691,-13513.3941153523,p0097,FLake
0.865898171022403,35.5871418544012,67.2822314727321,5.96605806346876,8.20334760193736,42.3704981899655,2.6906808072034,3.60688582347756,5.03667947694264,0.287154325086161,-72191.1666929105,p0098,FLake
0.886665034446302,35.5871418544012,50.8868152709031,5.96605806346876,7.13417168981193,37.7319085324346,1.16290968808085,2.46533361721184,3.51603455658039,0.652613321585461,-37680.6979003567,p0099,FLake
0.960252517315791,35.5871418544012,31.8232595784613,5.96605806346876,5.64174238842279,32.3150133549529,-0.50470238851647,1.1479939479628,1.74215361662825,0.91471359975048,-12930.4425864178,p0100,FLake
0.958227598877226,24.489307311849,33.0505799293259,4.94895553408024,5.74929831201726,27.2612940962523,0.856998702059601,1.48830921459605,1.93694239047067,0.846800655640147,-23987.8666342013,p0001,GLM
0.926424476672429,24.489307311849,44.4997389618572,4.94895553408024,6.67120110646792,30.5827829936781,2.06982628835793,2.70632277744443,3.47960646486463,0.505593972252965,-59847.2772571271,p0002,GLM
0.853073343791686,24.489307311849,46.8760582072497,4.94895553408024,6.84700813086064,28.903481955061,0.858661074849201,2.45211282817186,3.78096554473034,0.416247251570033,-69237.2479135503,p0003,GLM
0.913934847987743,24.489307311849,43.1518942463828,4.94895553408024,6.56939285114045,29.7100525576291,2.02763961836951,2.66821172113314,3.51175438562484,0.496416182462281,-60811.8249894515,p0004,GLM
0.833456961715879,24.489307311849,38.3177876689794,4.94895553408024,6.19049695669326,25.5312243769567,0.566938564298467,2.33775044709541,3.47362426906018,0.507292492639604,-59668.7697924102,p0005,GLM
0.862142144577832,24.489307311849,21.3358952779716,4.94895553408024,4.61934859038993,19.7070927954693,-0.740708080503649,1.82936563779262,2.6381177872501,0.715807990369824,-37754.6537495338,p0006,GLM
0.824944644614086,24.489307311849,73.5859734688289,4.94895553408024,8.57872647447777,35.0195513502629,2.15394058989261,3.44809620715078,5.71626085347223,-0.33428184508629,-148114.750529502,p0007,GLM
0.896370992236524,24.489307311849,64.4465813605236,4.94895553408024,8.02833051553215,35.6103290452997,2.5391858446203,3.29628976608263,4.91555646242552,0.0133369218000611,-111581.456461907,p0008,GLM
0.860621600128652,24.489307311849,60.4362782931434,4.94895553408024,7.77453024348614,33.1092504244151,3.7922056349574,4.43790237540506,5.75220899602622,-0.351116547014605,-149884.008045707,p0009,GLM
0.824401735043766,24.489307311849,62.740151594503,4.94895553408024,7.92132957667874,32.3146852031685,1.73443394884469,3.17479049059164,5.06046930856417,-0.0456951393855642,-117785.481837256,p0010,GLM
0.838010473278387,24.489307311849,65.3485714709498,4.94895553408024,8.08431729211589,33.5239933699978,1.8264629656357,3.15248703565823,5.1113461052488,-0.0668271942098257,-120006.373361792,p0011,GLM
0.866901771043935,24.489307311849,55.997781694325,4.94895553408024,7.48360252293791,32.1028472488642,1.20557734831394,2.69755319255342,4.21127192795873,0.275814092028958,-83996.1919150775,p0012,GLM
0.944914159265559,24.489307311849,34.3901841031977,4.94895553408024,5.86465611515911,27.4219198901339,0.416309553482327,1.46916723013436,2.05157629131839,0.828130488727086,-25950.0239257521,p0013,GLM
0.949499867539412,24.489307311849,30.1274277689925,4.94895553408024,5.48916553821284,25.7907627270846,-0.229737361608027,1.22283319394711,1.75726744748514,0.873904604868231,-21139.3537175598,p0014,GLM
0.843872336353297,24.489307311849,23.4160493083893,4.94895553408024,4.83929517756973,20.2079292500652,-0.287731721172055,1.86375665735326,2.75177899975208,0.69079208460042,-40383.7219383053,p0015,GLM
0.86607201803464,24.489307311849,54.6836368368461,4.94895553408024,7.3952693484282,31.6935547906647,3.14219515682365,3.82303691953384,5.06549355649888,-0.0477725908775133,-118003.813393249,p0016,GLM
0.885126502204861,24.489307311849,61.8994479990128,4.94895553408024,7.86807859045701,34.4617226669324,3.41994420039863,4.1045322714264,5.40012299034358,-0.190777997086416,-133033.089876454,p0017,GLM
0.818126939407688,24.489307311849,13.9982166999463,4.94895553408024,3.74163704994502,15.147651337522,-0.965642761645532,1.90792228575195,3.02070973115092,0.627401168858095,-47045.8448920572,p0018,GLM
0.899231694113302,24.489307311849,62.3408453371543,4.94895553408024,7.89608190665925,35.1355049673163,3.15019641541289,3.83951456193623,5.14615197696794,-0.0814058492065786,-121538.52968027,p0019,GLM
0.875694433844721,24.489307311849,67.4055156553125,4.94895553408024,8.21056453267262,35.5785756429461,2.70932677082042,3.59462962174313,5.2988794317623,-0.146546240561408,-128384.515282141,p0020,GLM
0.85312610086071,24.489307311849,14.5023517588024,4.94895553408024,3.80841720609548,16.0775806615846,-1.51765465072625,1.87877673932184,3.02320581276784,0.626785140552709,-47110.5869180307,p0021,GLM
0.847076235768543,24.489307311849,61.4413754333755,4.94895553408024,7.83891158031532,32.8580066558041,1.46942867659891,2.91082355411346,4.73010465732288,0.0863812608369667,-103904.798662586,p0022,GLM
0.820631800015018,24.489307311849,70.5996444048725,4.94895553408024,8.40284897425047,34.122264847606,2.09215293758142,3.42332534259138,5.58762256561233,-0.274904411879127,-141874.427983724,p0023,GLM
0.913184306982732,24.489307311849,26.5986752427261,4.94895553408024,5.15769082041228,23.3064803781633,-0.0461847247656369,1.52293729635176,2.11592883317237,0.817179197025147,-27100.9593707816,p0024,GLM
0.864905952528065,24.489307311849,55.2727536268005,4.94895553408024,7.43499792679092,31.820916738781,3.33144358505947,3.94720367355663,5.21715859654673,-0.111454214482897,-124696.488540555,p0025,GLM
0.949772129520228,24.489307311849,25.6000744805741,4.94895553408024,5.05994639071417,23.7808999799562,-0.38725104667051,1.20239603012518,1.6363206304567,0.890664722706849,-19377.9346805779,p0026,GLM
0.861381608717353,24.489307311849,42.7103039299938,4.94895553408024,6.53569282179155,27.858015549924,0.629315639748778,2.27375247130778,3.44668221866005,0.514905907090339,-58868.6314354437,p0027,GLM
0.815776578746173,24.489307311849,71.0950033918746,4.94895553408024,8.43227653672228,34.0391747621454,2.0818644259593,3.47397944762585,5.64270508422225,-0.300164200728615,-144529.127275105,p0028,GLM
0.836014891388831,24.489307311849,72.6378371679125,4.94895553408024,8.52327995218658,35.2601143217984,1.81261705055836,3.4167157966854,5.4674030771601,-0.220634623408738,-136170.897766027,p0029,GLM
0.846146536256578,24.489307311849,16.6133194277712,4.94895553408024,4.07618145582893,17.0671906276696,-0.983858289355031,1.79087867987174,2.81713020959516,0.675931110800599,-41945.5487948432,p0030,GLM
0.878051967579445,24.489307311849,64.0203868226265,4.94895553408024,8.00174022743058,34.7670320501237,2.30329072778821,3.41869682466456,4.92755296378875,0.00851510817559553,-112088.209122759,p0031,GLM
0.920629635309729,24.489307311849,51.4432428716441,4.94895553408024,7.17281236268728,32.6766382536076,2.50846992599177,3.19316688026132,4.1075168953862,0.311058706927175,-80292.1287199029,p0032,GLM
0.902338897072112,24.489307311849,19.8498545227174,4.94895553408024,4.45557712158854,19.8946633031943,-0.99250438460182,1.4775267666851,2.35263685715235,0.773987066634848,-31640.273559968,p0033,GLM
0.817745741230061,24.489307311849,43.8476809959188,4.94895553408024,6.6221439320872,26.7966100481019,0.889356308554144,2.64882948506226,3.94141127708453,0.365652827280554,-74554.5125632822,p0034,GLM
0.83210319387828,24.489307311849,45.2381602420455,4.94895553408024,6.72632377500196,27.6960546092064,0.94709086560699,2.57204532232336,3.90286298032585,0.378000396286103,-73256.8341509797,p0035,GLM
0.827840844804656,24.489307311849,39.1787136581757,4.94895553408024,6.25965485291842,25.6424895511227,0.723901533761127,2.47468794426381,3.59264182717413,0.47295057659242,-63277.9630734123,p0036,GLM
0.882805254278318,24.489307311849,40.1538191559837,4.94895553408024,6.33707329905905,27.6832190532164,1.7551348629012,2.45012017226421,3.51527904274628,0.495404807044411,-60918.1163611307,p0037,GLM
0.912188319284567,24.489307311849,23.8958604923652,4.94895553408024,4.88862403019936,22.0665325094998,-0.444712487993814,1.38385634491237,2.10947196762418,0.81829326875084,-26983.8750420737,p0038,GLM
0.827817738795963,24.489307311849,71.9076037116425,4.94895553408024,8.48032915623654,34.7384460350184,2.141324110075,3.43388004968762,5.61295714377396,-0.286491589845805,-143092.19244409,p0039,GLM
0.957755698165188,24.489307311849,33.6095214888225,4.94895553408024,5.79770970035438,27.4773065976638,0.911934684652118,1.50409483117183,1.99395097091566,0.837649941511747,-24949.5688264498,p0040,GLM
0.900591694364086,24.489307311849,63.3269178950069,4.94895553408024,7.95828479853621,35.4658492498409,2.91241025139292,3.70017667318049,5.03653255520033,-0.0358259568787058,-116748.271591218,p0041,GLM
0.837287418259707,24.489307311849,66.5782189892999,4.94895553408024,8.16002309311173,33.8087335274004,1.6274599998682,3.10168531670589,5.10868723817765,-0.065717578908058,-119889.757384799,p0042,GLM
0.819570621995211,24.489307311849,78.5977576782843,4.94895553408024,8.86605414608252,35.9566904375792,2.33738762441921,3.64077887097155,6.05285593928709,-0.496043336596799,-165115.213971392,p0043,GLM
0.795935247916167,24.489307311849,112.224847770016,4.94895553408024,10.5942401587327,41.7263600185495,3.47206515373928,4.68547990492158,8.08187301784536,-1.66715063210357,-288193.745072225,p0044,GLM
0.781562614200405,24.489307311849,12.8543560854232,4.94895553408024,3.58550608882193,13.8668299762012,-0.905227666165592,2.11077687287776,3.22946444050115,0.574122679761743,-52645.1936472139,p0045,GLM
0.900835985752624,24.489307311849,21.2675515394534,4.94895553408024,4.61194424266002,20.5585615354335,-0.563974558493494,1.58638677667382,2.22661246809216,0.797552334987252,-29163.6613614625,p0046,GLM
0.942389234681561,24.489307311849,34.0670463797274,4.94895553408024,5.83703828774837,27.2198550253196,1.00807622096253,1.74595766215245,2.26558189174601,0.790403981507313,-29914.9237346678,p0047,GLM
0.945038621874624,24.489307311849,23.7228839723428,4.94895553408024,4.8708980930507,22.7783126966216,-0.194123076201995,1.16530596813855,1.64111232390191,0.890023444707249,-19445.3303449383,p0048,GLM
0.919279378011225,24.489307311849,34.2765964215331,4.94895553408024,5.85496288902297,26.633890745064,0.0675284855048204,1.63079016807779,2.34577968692898,0.775302654765325,-31502.010690926,p0049,GLM
0.827186394197591,24.489307311849,47.5545167843176,4.94895553408024,6.89638006327508,28.2284816821272,1.08524895837185,2.70239393079625,4.09446285043099,0.315430778826156,-79832.642053516,p0050,GLM
0.926099250243411,24.489307311849,43.1731227630806,4.94895553408024,6.57100855447035,30.1128953305853,1.06871296550227,2.04171811054393,2.92895660882707,0.649692549195095,-44703.113053041,p0051,GLM
0.863849041504531,24.489307311849,45.4878224242783,4.94895553408024,6.74485899035441,28.8319276669657,2.34083609336371,2.99295284856523,4.2181498335396,0.273446660143743,-84244.9992105588,p0052,GLM
0.897551265459397,24.489307311849,48.0770564590801,4.94895553408024,6.9341660305885,30.7975698645396,2.45720067419574,3.13271119004452,4.12420406807398,0.305449558922878,-80881.6269663444,p0053,GLM
0.890116285702685,24.489307311849,33.8427143663667,4.94895553408024,5.8177880521252,25.6252193639258,1.01874217655072,1.95014286015282,2.84945934742847,0.668450460061852,-42731.7342350124,p0054,GLM
0.846083838583452,24.489307311849,54.1588352491405,4.94895553408024,7.35969741203158,30.8131648862282,1.3803298208166,2.76300667642325,4.35053137016259,0.227127049297512,-89112.998655178,p0055,GLM
0.89204996822315,24.489307311849,51.238684115449,4.94895553408024,7.15853718285612,31.5992239320513,2.83125801582954,3.47525627415199,4.53272164547907,0.161039336320729,-96058.5438398112,p0056,GLM
0.843771911917491,24.489307311849,22.6413617579323,4.94895553408024,4.75857121374789,19.8684773988364,-0.344889466254251,1.86194594091488,2.74092375232179,0.693226806280193,-40127.8427638389,p0057,GLM
0.851679422638327,24.489307311849,26.5786022649515,4.94895553408024,5.15574429953889,21.7285364088052,0.115502605796843,1.91810190391471,2.76119133910274,0.688673202796265,-40606.4076486857,p0058,GLM
0.816390513208176,24.489307311849,12.9632222071831,4.94895553408024,3.60065726224273,14.5459698382577,-1.1206482435986,1.99767926394224,3.10103891113886,0.607320770410504,-49156.2116828127,p0059,GLM
0.841666204291247,24.489307311849,25.5796849290276,4.94895553408024,5.05793095539115,21.0656922448558,0.0269620903373026,1.95365538398413,2.81750504977018,0.675844865500156,-41954.612819065,p0060,GLM
0.88928028754329,24.489307311849,66.4642076593781,4.94895553408024,8.15303331682496,35.87738920717,2.98134966464453,3.78041202355993,5.29973418010406,-0.14691616312779,-128423.39261325,p0061,GLM
0.862190715734537,24.489307311849,73.0565373291858,4.94895553408024,8.54780966638817,36.4687715664456,2.27292019674101,3.47728626734235,5.45659854936175,-0.21581502284838,-135664.377689056,p0062,GLM
0.93539612108,24.489307311849,41.2695645107206,4.94895553408024,6.42451347281098,29.737109925061,1.71385733168266,2.36122768120199,3.0367678419349,0.623429164068356,-47463.286160609,p0063,GLM
0.878347435238452,24.489307311849,41.7078871063071,4.94895553408024,6.45854062715103,28.0713747961435,1.97547340020511,2.64228853935956,3.73589881832833,0.430080246735521,-67783.4573580432,p0064,GLM
0.853113649122268,24.489307311849,41.8654064046636,4.94895553408024,6.47072520553385,27.316358052805,0.729376826054151,2.31731401002342,3.50056969153414,0.49961883326286,-60475.2396418266,p0065,GLM
0.937426108793056,24.489307311849,24.6448293385568,4.94895553408024,4.9646451058356,23.0296958983378,-0.131978812713735,1.2652641789059,1.75845479348647,0.873734147668627,-21157.2680639423,p0066,GLM
0.866009209772221,24.489307311849,59.9739944027062,4.94895553408024,7.74473903690489,33.1888533873389,3.65467300761045,4.34962041105967,5.60733713383044,-0.283916663384782,-142821.578327235,p0067,GLM
0.902289296397425,24.489307311849,54.9204650417686,4.94895553408024,7.411266054909,33.0903346308566,3.03728645472701,3.72368159384417,4.7385875638182,0.0831013791432086,-104249.500657528,p0068,GLM
0.952053307608523,24.489307311849,41.3658514413888,4.94895553408024,6.43200369345632,30.3019446604874,1.38748412622886,2.09069339061041,2.67887693498601,0.70695857006426,-38684.691207657,p0069,GLM
0.870706288334425,24.489307311849,64.834708424773,4.94895553408024,8.05246938253022,34.6947460179983,1.86601918414107,3.1369580089717,4.83906512626228,0.0438050779460868,-108379.379318172,p0070,GLM
0.930820058190015,24.489307311849,49.2374170401626,4.94895553408024,7.01734667303061,32.3222522229774,2.15059291907515,2.81795342306717,3.70233302251878,0.44027531546387,-66711.9978185359,p0071,GLM
0.78964329211108,24.489307311849,24.1712658492697,4.94895553408024,4.91671458970246,19.2118372326852,-0.191640227260591,2.15592214808228,3.20524954916974,0.580485289288603,-51976.5097123271,p0072,GLM
0.883332418485356,24.489307311849,27.7581155160263,4.94895553408024,5.26890405811988,23.0307143802436,-0.355217794034112,1.67511752886324,2.51240397798336,0.742247762739598,-34975.9430725551,p0073,GLM
0.880471958119442,24.489307311849,43.4286631754758,4.94895553408024,6.5904266638543,28.7138885195793,2.10825053661083,2.76249269395151,3.86457161575332,0.390145520120121,-71980.4318885535,p0074,GLM
0.87406103745967,24.489307311849,72.3733979043906,4.94895553408024,8.50775123440851,36.7975999378603,2.80067963944863,3.7328273153018,5.57775149888746,-0.270403910864732,-141401.443948705,p0075,GLM
0.869980531630682,24.489307311849,55.0700396334351,4.94895553408024,7.42135139696177,31.9488683081154,3.29024479801646,3.92620778981165,5.14658344534777,-0.0815871932446197,-121557.588188326,p0076,GLM
0.906248416226332,24.489307311849,29.4158001012927,4.94895553408024,5.42394945747513,24.3234874873123,0.505500273489827,1.64578447232562,2.34811902701192,0.774854270281967,-31549.1340448594,p0077,GLM
0.950249455794382,24.489307311849,44.8900815639063,4.94895553408024,6.70039642773928,31.5065664894389,1.71172151480521,2.29013584717277,3.04897465406396,0.620395696670992,-47782.0910325813,p0078,GLM
0.91271964246622,24.489307311849,29.1524222942198,4.94895553408024,5.39961287692105,24.3872578847369,-0.0601890709179153,1.4985520678019,2.20699718188606,0.801103538829116,-28790.4445313964,p0079,GLM
0.887366211106747,24.489307311849,46.4575257646655,4.94895553408024,6.81637287219901,29.93085868854,2.28239687989085,2.97871774392699,4.03663860368624,0.334629966896367,-77814.8868272643,p0080,GLM
0.949587052462573,24.489307311849,26.7054046327842,4.94895553408024,5.16802829185822,24.2841337579515,0.00117499557125252,1.15256617894857,1.62063129963138,0.892751323020309,-19158.6416212993,p0081,GLM
0.841360726837874,24.489307311849,48.1573132479754,4.94895553408024,6.93995134568111,28.8935970102573,1.09283335335837,2.61857048236618,4.00670828455508,0.344460377213088,-76781.7513779826,p0082,GLM
0.959797099296451,24.489307311849,27.3657425752719,4.94895553408024,5.23153240575485,24.8468479477203,0.298010369599722,1.12935383410897,1.50005472302486,0.90811646309896,-17543.8289749307,p0083,GLM
0.796155615526048,24.489307311849,21.7945985411353,4.94895553408024,4.66874052739718,18.3933421698401,-0.240616746488768,2.16474931002614,3.09113537911155,0.609824899891232,-48893.0380356526,p0084,GLM
0.948868170279132,24.489307311849,27.7316549298456,4.94895553408024,5.26639215252963,24.7276031879727,0.0854341091562712,1.23625774124798,1.66524918638517,0.88676466763865,-19787.8143311001,p0085,GLM
0.874657620420608,24.489307311849,64.4633525978954,4.94895553408024,8.02937507270838,34.7522380983857,1.73911046590195,3.04181781753276,4.74053677610276,0.0823468937110594,-104328.793954634,p0086,GLM
0.841226436584049,24.489307311849,39.7232971380578,4.94895553408024,6.3030092665348,26.237581915582,0.632433671221158,2.33027859810219,3.483879011567,0.504379082157035,-59974.9571793935,p0087,GLM
0.904575670486173,24.489307311849,49.1523424722207,4.94895553408024,7.01128161240239,31.3837809102969,1.25551178840321,2.40441907462955,3.5285121247199,0.49159861258014,-61318.1316505443,p0088,GLM
0.870486559515354,24.489307311849,51.0891633174003,4.94895553408024,7.14808480487463,30.790356381275,2.90296670455385,3.52941965164054,4.73550140475616,0.0842953102394455,-104124.023439408,p0089,GLM
0.937081450391722,24.489307311849,44.4674153222905,4.94895553408024,6.66877775884952,30.9233499323466,1.46095319163873,2.31437550158603,3.04046164218623,0.622512516181585,-47559.622060721,p0090,GLM
0.914199153928283,24.489307311849,55.199979483163,4.94895553408024,7.43010171854259,33.6123226494818,2.61208266318184,3.31549296144298,4.39176699465528,0.212406578522893,-90660.0592251224,p0091,GLM
0.932183734729729,24.489307311849,47.513334390692,4.94895553408024,6.89339327072075,31.79783314558,1.89012626031623,2.61223118494272,3.46114904205497,0.510825172032458,-59297.499805287,p0092,GLM
0.869585650964837,24.489307311849,63.7952615109958,4.94895553408024,7.98765892633026,34.3712104095265,3.83294389849723,4.52115417777508,5.85094923348503,-0.397900173201519,-154800.773582689,p0093,GLM
0.863668978630438,24.489307311849,60.4818915098284,4.94895553408024,7.77746353501914,33.2390232911123,3.6968147901537,4.3953431586651,5.67094276396368,-0.313209533558011,-145900.137778176,p0094,GLM
0.789093928036563,24.489307311849,115.901084141035,4.94895553408024,10.7663637908929,42.039805814831,3.59844102318022,4.80481068768704,8.32223273049534,-1.82815502858331,-305114.640958991,p0095,GLM
0.927342177775308,24.489307311849,34.1173455202573,4.94895553408024,5.84134581874544,26.8050042525656,1.00167722059611,1.80273509716495,2.44949006555166,0.754995047232994,-33636.2562163711,p0096,GLM
0.81554786550794,24.489307311849,15.8629562304243,4.94895553408024,3.98306472819105,16.0742148522649,-0.756327350022955,1.93472117385838,2.96240863118784,0.641645033631063,-45548.8736408473,p0097,GLM
0.836104364806,24.489307311849,68.5246674832798,4.94895553408024,8.27844503394369,34.250917492687,1.82566213925562,3.18573810117591,5.27685342381862,-0.137034286102226,-127384.848225821,p0098,GLM
0.932741239515927,24.489307311849,46.7833623514883,4.94895553408024,6.8402349146148,31.5714948313914,1.53639555979584,2.35146429925434,3.23885648288327,0.571641974877772,-52905.9054661781,p0099,GLM
0.926991362540982,24.489307311849,20.0025757234349,4.94895553408024,4.47268448279847,20.5166712555119,-0.890867320142776,1.32037650314576,2.06208271084322,0.826365643902834,-26135.5018144334,p0100,GLM
0.818609002814879,24.489307311849,52.6601711711718,4.94895553408024,7.25715559223644,29.3971954851127,0.538773538323578,3.19872335456278,4.3180278413175,0.238632428391651,-87903.8309178596,p0001,GOTM
0.801583946572878,24.489307311849,58.3527561049174,4.94895553408024,7.63934261180191,30.3017665638029,1.30281088399947,3.72521593813446,4.89242746380855,0.0226001011859187,-110607.934636444,p0002,GOTM
0.805217861931405,24.489307311849,69.5309536968396,4.94895553408024,8.33900807344794,33.2269703459302,1.99673330320068,4.36709446497163,5.6172292280927,-0.288450661308497,-143298.082748825,p0003,GOTM
0.804914986768541,24.489307311849,56.1087160263431,4.94895553408024,7.49101154582858,29.836881501512,1.07245361250954,3.54179767098604,4.6983419507474,0.0986099849597526,-102619.610355721,p0004,GOTM
0.816097288801203,24.489307311849,63.9643926887869,4.94895553408024,7.99824018199248,32.2997622819927,1.3978163925807,3.87019770398609,5.0801639839692,-0.0538503917393656,-118642.565115888,p0005,GOTM
0.816565779859801,24.489307311849,38.0324052549902,4.94895553408024,6.16740114661249,24.920475368135,-1.12126725557454,3.02593528883528,3.73336337489305,0.43085355941248,-67702.1853954084,p0006,GOTM
0.785359230012178,24.489307311849,84.7271255303537,4.94895553408024,9.20527013103858,35.7740277145693,3.34627102466563,5.55536443533275,6.99041537990275,-0.995397687705823,-217595.290108833,p0007,GOTM
0.783703001173367,24.489307311849,76.2248185883904,4.94895553408024,8.73119124343857,33.8600784650555,2.87469356980615,5.09736608288898,6.42322598780498,-0.684728423104512,-184945.235846504,p0008,GOTM
0.779061775549827,24.489307311849,66.7620034149149,4.94895553408024,8.17127791234859,31.5010352896396,2.39593962345458,4.58268430503621,5.83007434144064,-0.38794317021285,-153754.333767384,p0009,GOTM
0.797267119339783,24.489307311849,77.6106659365723,4.94895553408024,8.8102048421537,34.757842339114,2.66478458390412,4.96410972112518,6.29963216773855,-0.620518087484032,-178196.995254048,p0010,GOTM
0.790242151109307,24.489307311849,79.9688951824676,4.94895553408024,8.9430539187933,34.9710755632465,2.95669717185509,5.20536859105088,6.57708974652768,-0.766408048338276,-193529.42649514,p0011,GOTM
0.795370527037085,24.489307311849,73.261347164011,4.94895553408024,8.5597829290626,33.6895488074042,2.43076538796436,4.7354273279422,6.02330285079352,-0.481470127773818,-163583.630023243,p0012,GOTM
0.81620654466635,24.489307311849,57.4759462552115,4.94895553408024,7.58173090542733,30.6218474321624,0.957052372741418,3.49157678084834,4.65161347780592,0.116450797428783,-100744.614784641,p0013,GOTM
0.821252545145237,24.489307311849,53.8071886319239,4.94895553408024,7.33576569994876,29.8115893093886,0.570882110319656,3.22423617322025,4.35880989593248,0.224182886557751,-89422.4179771495,p0014,GOTM
0.823634562509616,24.489307311849,55.0837524045178,4.94895553408024,7.42227532001621,30.2506403383966,0.564577609695014,3.2431392592429,4.40346760144124,0.208204353433851,-91101.6956945551,p0015,GOTM
0.7890706604789,24.489307311849,61.4487175739533,4.94895553408024,7.83937993467005,30.6098046508577,1.78606446471188,4.0897654169649,5.28284410674719,-0.139617446128832,-127656.32765635,p0016,GOTM
0.781629359140475,24.489307311849,69.8671648864258,4.94895553408024,8.35914505287098,32.3314866507567,2.54393945538655,4.74827823519148,6.0137448274294,-0.476772143405444,-163089.891304841,p0017,GOTM
0.822303620294481,24.489307311849,46.5312862424331,4.94895553408024,6.82178189371421,27.7583074519869,-0.359808829207531,2.97161111111357,3.9539146480272,0.361621754147376,-74978.161670324,p0018,GOTM
0.784269039414034,24.489307311849,73.7678713923951,4.94895553408024,8.58932285123545,33.3339628602995,2.70967236095995,4.94176222779337,6.23951739218631,-0.589737790115384,-174962.113359353,p0019,GOTM
0.781936614631463,24.489307311849,79.4052648791168,4.94895553408024,8.91148233546052,34.4813649943232,3.11794055008034,5.31446932341939,6.68231961792869,-0.823383361053634,-199517.296116413,p0020,GOTM
0.82163648555268,24.489307311849,44.4058168382835,4.94895553408024,6.66415719617129,27.094921585448,-0.5499976483648,2.94818156816053,3.87398740220503,0.387170155475087,-72293.130401666,p0021,GOTM
0.79199004237418,24.489307311849,77.315871677056,4.94895553408024,8.79345670091654,34.4621445821996,2.7533077986637,5.02482116045834,6.36094282781163,-0.652214705113812,-181528.178616756,p0022,GOTM
0.793190639403506,24.489307311849,81.2387792968946,4.94895553408024,9.01378086484915,35.3791606612159,2.97139764425191,5.2346405245687,6.61807896950299,-0.78849359391173,-195850.525952184,p0023,GOTM
0.823406396563913,24.489307311849,43.5041612304847,4.94895553408024,6.59615270168202,26.8762014029011,-0.398913889864056,2.8751911042838,3.7947592846,0.4119801820164,-69685.6992679063,p0024,GOTM
0.786101831287975,24.489307311849,62.4471337014805,4.94895553408024,7.90281027394889,30.7413767315568,1.91962657692993,4.19408787175241,5.39802313306192,-0.189852100511355,-132935.781977471,p0025,GOTM
0.824405398370531,24.489307311849,50.467085087122,4.94895553408024,7.10443281768557,28.9823227253836,0.216119164082894,3.03274351735796,4.12776627745415,0.304249229089312,-81007.776665282,p0026,GOTM
0.806119963546567,24.489307311849,67.6638502452845,4.94895553408024,8.22628316052051,32.8145369654277,1.85810070712975,4.24104936248185,5.47509103706177,-0.22406981473135,-136531.922160342,p0027,GOTM
0.797881076988929,24.489307311849,79.017858339547,4.94895553408024,8.88971685341554,35.0985393264551,2.74123821455556,5.03934305536741,6.38940325440692,-0.667032612542412,-183085.479375873,p0028,GOTM
0.783365774501896,24.489307311849,82.7405698732635,4.94895553408024,9.09671429962299,35.2624186791534,3.27552801362733,5.47696617868859,6.8872435411319,-0.936932024692762,-211450.79083785,p0029,GOTM
0.82511676952279,24.489307311849,48.4786845743527,4.94895553408024,6.96306925528785,28.4301452071383,-0.104357752817913,2.97279261016494,4.01479663401502,0.34181102767658,-77060.1870521323,p0030,GOTM
0.78648096048422,24.489307311849,77.3028807792581,4.94895553408024,8.7927179153751,34.2195507313779,2.87305705380371,5.11282302059633,6.45039095425716,-0.699008589051882,-186446.022200941,p0031,GOTM
0.792420377611868,24.489307311849,65.7462213203706,4.94895553408024,8.10887675725562,31.7964975678691,2.00656505673526,4.32213135687157,5.53794518060555,-0.252335822849236,-139502.562658084,p0032,GOTM
0.825733969495676,24.489307311849,48.1528041169719,4.94895553408024,6.93962643259709,28.3556229723106,-0.0885960996009093,2.95118568856231,3.99233199434419,0.349156162316098,-76288.243793271,p0033,GOTM
0.813638974376368,24.489307311849,66.801482052927,4.94895553408024,8.17369353224206,32.9088755382955,1.64217360818327,4.08102228798247,5.30752036713931,-0.150288658183842,-128777.827889365,p0034,GOTM
0.811992692115234,24.489307311849,68.0916800270966,4.94895553408024,8.25224904319215,33.1579289056108,1.76799569365819,4.18470325504157,5.42134100573999,-0.200153925394911,-134018.461147168,p0035,GOTM
0.817663559403697,24.489307311849,63.8213553700337,4.94895553408024,7.98929233555482,32.3255486829716,1.34705564562956,3.83851664696666,5.04718973572047,-0.0402141597543872,-117209.453556511,p0036,GOTM
0.807218703653027,24.489307311849,51.5229341110882,4.94895553408024,7.17836595024398,28.6734374374896,0.668490553907516,3.24950612434834,4.37175550192615,0.219567710705555,-89907.4538631351,p0037,GOTM
0.823806236000252,24.489307311849,52.7681130426906,4.94895553408024,7.26458957816292,29.6141388200048,0.408566775356702,3.13619733137818,4.26568511782756,0.256979003417895,-85975.6817946965,p0038,GOTM
0.794250274930725,24.489307311849,80.7737774405858,4.94895553408024,8.98794689791954,35.3248902411078,2.92026107886164,5.19192773168723,6.56819830995786,-0.761635332905461,-193027.833851078,p0039,GOTM
0.816068156646451,24.489307311849,53.8988606256061,4.94895553408024,7.34201205938253,29.6486193763079,0.688517608821372,3.29330739290205,4.4232324924761,0.201080478375559,-91850.3854869289,p0040,GOTM
0.78492979000683,24.489307311849,74.8956510771118,4.94895553408024,8.65473154636778,33.6161027684206,2.76206854753503,4.99818051243405,6.30727956518512,-0.624454910333605,-178610.73904626,p0041,GOTM
0.788730197506163,24.489307311849,80.5206677561145,4.94895553408024,8.97385370185305,35.0243757224473,3.01614061675813,5.2593577282364,6.63764475119955,-0.799084281236877,-196963.563369275,p0042,GOTM
0.791279395205467,24.489307311849,83.5680447713144,4.94895553408024,9.14208851230596,35.7963073293628,3.15201719651142,5.39835276993082,6.81175086387792,-0.894702420149351,-207012.634132556,p0043,GOTM
0.784288403044682,24.489307311849,90.9479423725435,4.94895553408024,9.53721866665234,37.0135280302791,3.74255584754905,5.92949606238562,7.44425401876224,-1.26290262889733,-245708.952580569,p0044,GOTM
0.816099792829017,24.489307311849,45.0399417231895,4.94895553408024,6.71157134434948,27.1038152368773,-0.57400670353332,3.01293470528691,3.95614740081626,0.360900573557158,-75053.9547663478,p0045,GOTM
0.821113580666828,24.489307311849,40.2754127577483,4.94895553408024,6.34666099361369,25.7876332847079,-0.869015755227622,2.95375276511587,3.73425251998513,0.430582429080456,-67730.6800714559,p0046,GOTM
0.81541320965482,24.489307311849,51.8383038342064,4.94895553408024,7.20030167330179,29.0530267997752,0.537994929298179,3.19177882906184,4.3024407131831,0.244119245402296,-87327.1891526856,p0047,GOTM
0.825548830889744,24.489307311849,47.3493219821829,4.94895553408024,6.88148525139003,28.1117511377456,-0.104717782583864,2.92750589452913,3.95298530638934,0.361921812097585,-74946.6268212982,p0048,GOTM
0.815605590715119,24.489307311849,58.6145971952014,4.94895553408024,7.65646309605643,30.900914831622,1.0515764383247,3.56444255501454,4.73369705932331,0.0849929904467246,-104050.700136394,p0049,GOTM
0.811525051677063,24.489307311849,68.1667322532556,4.94895553408024,8.25679570065361,33.1570908534637,1.77862919047509,4.19437168233947,5.43188546044441,-0.204827040620758,-134509.586221591,p0050,GOTM
0.805035301236541,24.489307311849,64.5417200577875,4.94895553408024,8.03425420619306,32.0054135398296,1.6718116755072,4.06728953419514,5.27400744864279,-0.135808139206999,-127255.985260525,p0051,GOTM
0.79736891529223,24.489307311849,54.1397667570958,4.94895553408024,7.35840167989642,29.0339244136011,1.07443780302015,3.5081879226869,4.66000448865677,0.113260266704471,-101079.9263624,p0052,GOTM
0.797342192212355,24.489307311849,58.2227586710413,4.94895553408024,7.63082845822989,30.1078251999711,1.38028036128601,3.77123887474468,4.93979649972546,0.00358188380063817,-112606.670592506,p0053,GOTM
0.817073924591206,24.489307311849,47.9929119575986,4.94895553408024,6.92809528178705,28.0116152357154,0.190208396629232,3.01231454589241,4.06142438464205,0.326433866743795,-78676.2630405321,p0054,GOTM
0.79844282409817,24.489307311849,74.2951285844868,4.94895553408024,8.6199643660756,34.0574589624625,2.43481703034612,4.75176294171048,6.04961585083502,-0.494442103920459,-164946.931042483,p0055,GOTM
0.793672118420207,24.489307311849,61.8253680792947,4.94895553408024,7.86336900786671,30.8825198868408,1.71440137461837,4.05522068387853,5.24297698743333,-0.122482042497589,-125855.467635373,p0056,GOTM
0.824350013974742,24.489307311849,54.2710783283344,4.94895553408024,7.36731987596259,30.0527435640082,0.466680085040413,3.19300999831498,4.34427080347673,0.229349831189022,-88879.3934755208,p0057,GOTM
0.821516107053312,24.489307311849,40.9677079885646,4.94895553408024,6.40097505595514,26.0210709606902,-0.609854813505039,2.87679909009917,3.71305753693483,0.437027920102996,-67053.2856343095,p0058,GOTM
0.817415797687537,24.489307311849,44.2348013345645,4.94895553408024,6.65131232948287,26.9037809266485,-0.622783488802988,2.98849462355524,3.91208461910554,0.375057617099802,-73566.1080672072,p0059,GOTM
0.822074959044378,24.489307311849,40.4509671634195,4.94895553408024,6.36047801895792,25.8740328379256,-0.721368028441589,2.90037404788276,3.70305017949732,0.440058452562258,-66734.789212188,p0060,GOTM
0.780071645793049,24.489307311849,75.4244913543263,4.94895553408024,8.68523344757871,33.5257836412951,2.93265047431945,5.11705910353304,6.43915135620457,-0.693092812308727,-185824.298542775,p0061,GOTM
0.781251794238982,24.489307311849,82.1249829212965,4.94895553408024,9.0628115045491,35.0361941640988,3.29741074190101,5.48249029844542,6.88584196055589,-0.936143758660365,-211367.947339431,p0062,GOTM
0.806951665911675,24.489307311849,56.4047550507443,4.94895553408024,7.51074746609684,29.9911854198144,1.05450046651394,3.53647251946631,4.69293754026651,0.100682494756123,-102401.798151486,p0063,GOTM
0.804456835006759,24.489307311849,52.7729530335632,4.94895553408024,7.26492273145392,28.9198938770546,0.82622066759579,3.34557838755514,4.48387256541324,0.179024832068742,-94168.3426547629,p0064,GOTM
0.809657285763715,24.489307311849,67.0580485786664,4.94895553408024,8.18937496886331,32.8106575744458,1.74673821605327,4.15260685925336,5.38304143928364,-0.183256625761091,-132242.624871124,p0065,GOTM
0.825358828908362,24.489307311849,47.8861598716303,4.94895553408024,6.92038580633213,28.2641583420221,-0.0439231291598221,2.94121912720479,3.98109027035439,0.352816331679505,-75903.5751377543,p0066,GOTM
0.783726800520636,24.489307311849,67.0405023272699,4.94895553408024,8.18830349246455,31.7556918290878,2.29660370041857,4.53235047445535,5.76999259425172,-0.359483717271624,-150763.36301912,p0067,GOTM
0.787599962979773,24.489307311849,66.8635327529444,4.94895553408024,8.17748884984651,31.8704794621481,2.19081924232238,4.46401228106741,5.69311602666126,-0.32349885116371,-146981.502484722,p0068,GOTM
0.807368358729873,24.489307311849,57.870154911512,4.94895553408024,7.60768677805349,30.3939607407248,1.15544331580686,3.62311720253925,4.78608294933909,0.06462891309012,-106190.880406717,p0069,GOTM
0.788955198695977,24.489307311849,77.8105003280135,4.94895553408024,8.82153994705252,34.4397267261405,2.84707945666212,5.10126186050837,6.44408376886342,-0.695687635886568,-186097.003764279,p0070,GOTM
0.793909266492661,24.489307311849,65.4246631265749,4.94895553408024,8.08902259866133,31.7782420872469,1.95285000494167,4.2806670283324,5.49282344570902,-0.232011547796315,-137366.565445189,p0071,GOTM
0.818251448713144,24.489307311849,37.4690120271437,4.94895553408024,6.12155029605629,24.7862687556664,-0.969505250370607,2.94504538727545,3.65044137853988,0.455855484662542,-65074.5865013729,p0072,GOTM
0.820537825372469,24.489307311849,56.7178442368468,4.94895553408024,7.53156379297552,30.5806501557908,0.794210028210089,3.38319427970022,4.54715524322886,0.155687805182657,-96620.9676195463,p0073,GOTM
0.805675757633756,24.489307311849,54.0826290359834,4.94895553408024,7.35451772067577,29.3209099592081,0.903526473452061,3.40910017453149,4.5548300207192,0.15283530671336,-96920.7534059686,p0074,GOTM
0.779863819851517,24.489307311849,81.5383451654445,4.94895553408024,9.0303846127599,34.8488113755989,3.30059232000965,5.47490256544474,6.87196765046246,-0.928349331716436,-210548.7853184,p0075,GOTM
0.788039549236257,24.489307311849,63.2713709112859,4.94895553408024,7.95479374203963,31.0198638085555,1.93691817994012,4.22486457445981,5.42886752848203,-0.203488619196118,-134368.923667809,p0076,GOTM
0.82223616015663,24.489307311849,46.0224500389837,4.94895553408024,6.78438005353913,27.6038519990798,-0.11204209946087,2.91433992208558,3.91364367114901,0.374559411187846,-73618.4674471416,p0077,GOTM
0.802399134190548,24.489307311849,62.6396767888254,4.94895553408024,7.91498425450528,31.4270383891813,1.59036024363148,3.9870048653794,5.17727274024031,-0.0945247525995305,-122917.27214516,p0078,GOTM
0.820539027463632,24.489307311849,56.8890178958664,4.94895553408024,7.54292030796693,30.6268062463667,0.803342854490035,3.39682463041003,4.557419495377,0.151871786639192,-97022.0153790345,p0079,GOTM
0.796793889175013,24.489307311849,55.915028394987,4.94895553408024,7.47807085947477,29.4848226708789,1.22266906191099,3.62896416311421,4.78848723502866,0.0636889109175399,-106289.670745635,p0080,GOTM
0.822541101041935,24.489307311849,51.7310159408912,4.94895553408024,7.19284670987329,29.2766487668235,0.372266002774251,3.10913768314568,4.21966914531397,0.272923179525802,-84300.0148575138,p0081,GOTM
0.806810771991095,24.489307311849,70.0904170065562,4.94895553408024,8.37248972224299,33.4263734139849,2.00056183444138,4.37766941921911,5.632870062753,-0.295635876499737,-144053.219135366,p0082,GOTM
0.822517047811531,24.489307311849,50.7119492850301,4.94895553408024,7.12164716840252,28.9860015346058,0.289873733629629,3.06606417025206,4.16092301167852,0.293026948919094,-82187.1918770664,p0083,GOTM
0.824601888291287,24.489307311849,53.5360995509852,4.94895553408024,7.31726299482978,29.8576717363956,0.316089133710433,3.15891393181849,4.29068476242347,0.248244325735364,-86893.6602779062,p0084,GOTM
0.823778316208921,24.489307311849,46.9224596746906,4.94895553408024,6.85039613587045,27.9247305708053,-0.0745545125811997,2.92560891517014,3.9456132882323,0.364299527870156,-74696.7387318071,p0085,GOTM
0.789011560976046,24.489307311849,77.2945098148132,4.94895553408024,8.79224183013091,34.3277976068322,2.81747266740178,5.07029167988325,6.40830509140708,-0.676910401001182,-184123.594071849,p0086,GOTM
0.812423450548081,24.489307311849,65.5851122277889,4.94895553408024,8.09893538675739,32.5591706806258,1.59065166280051,4.0231037608671,5.2427331508247,-0.122377637747933,-125844.495128176,p0087,GOTM
0.800942356144696,24.489307311849,68.1830284307594,4.94895553408024,8.25778259090868,32.7286170912564,1.99369883154499,4.34997116542528,5.58479512524852,-0.273614487899725,-141738.862310771,p0088,GOTM
0.791557072229015,24.489307311849,58.841223618735,4.94895553408024,7.67125022222507,30.0477067255485,1.54665075309782,3.88394892359772,5.06233602515133,-0.0464667581326534,-117866.575774871,p0089,GOTM
0.803253539908047,24.489307311849,62.9697140650361,4.94895553408024,7.93580818078385,31.5432733376392,1.59805490550758,3.99606938921323,5.18905137598614,-0.0995106492699982,-123441.269255225,p0090,GOTM
0.790314883916394,24.489307311849,70.4753448043176,4.94895553408024,8.39544857644608,32.8327315888604,2.36019596670011,4.64598854623749,5.90505833499326,-0.423875060884297,-157530.626802604,p0091,GOTM
0.797710713907489,24.489307311849,64.5042287544227,4.94895553408024,8.03192037919753,31.7050008426045,1.80927219964114,4.16869021948706,5.3718712078248,-0.17835102095741,-131727.066104037,p0092,GOTM
0.77836438217388,24.489307311849,69.1057644304985,4.94895553408024,8.31347200863629,32.020517222645,2.57586609388719,4.74876359380508,6.01573964119918,-0.477752023356958,-163192.872633324,p0093,GOTM
0.783524502261189,24.489307311849,67.3956245132879,4.94895553408024,8.20996209800093,31.8314691692498,2.32527500438272,4.55827684039398,5.79904279451742,-0.373207371870956,-152205.662333539,p0094,GOTM
0.778400078122094,24.489307311849,95.5769093961423,4.94895553408024,9.77691394561991,37.6588984884124,4.15271432555927,6.28684044293549,7.87359231868603,-1.53144995942275,-273932.165858236,p0095,GOTM
0.816958162660015,24.489307311849,50.2866132269801,4.94895553408024,7.09171860494699,28.6691132713031,0.383028198837269,3.10480682680369,4.19337627662096,0.281955819598895,-83350.7217599264,p0096,GOTM
0.823953094142432,24.489307311849,48.4831435893802,4.94895553408024,6.96338947557438,28.3913553309666,-0.172174750005787,2.99627218391689,4.02732968402584,0.337695257064783,-77492.7375137266,p0097,GOTM
0.787912034534156,24.489307311849,82.2027944429114,4.94895553408024,9.06710389018627,35.3516163304004,3.14031061774594,5.3701233751049,6.77129381063084,-0.872262832346547,-204654.326302118,p0098,GOTM
0.800819227910458,24.489307311849,64.8221827197949,4.94895553408024,8.05169149881417,31.9068968295223,1.77097036243805,4.14465063314911,5.35107768559132,-0.169246317693066,-130770.199463223,p0099,GOTM
0.825206364195512,24.489307311849,45.1124093739126,4.94895553408024,6.71696851303927,27.4282961862765,-0.386437357786613,2.90575117627919,3.85933389909474,0.391797491246508,-71806.8165584836,p0100,GOTM
0.803402337386614,24.489307311849,52.9966362445033,4.94895553408024,7.28030298608271,28.9431299245329,1.36643935313993,3.41762444040545,4.63323215618384,0.123419868935643,-100012.194204997,p0001,Simstrat
0.780973959499546,24.489307311849,63.218371092065,4.94895553408024,7.95146134263862,30.7288604003303,2.29024937574275,4.27923888710241,5.61205842862879,-0.286079651224134,-143048.899399419,p0002,Simstrat
0.894130937821226,24.489307311849,49.2153119667404,4.94895553408024,7.01577128192782,31.0412708971639,2.0262448521496,3.18908740929745,3.96582219534921,0.357770904466758,-75382.8700382072,p0003,Simstrat
0.781783798487176,24.489307311849,60.644255803989,4.94895553408024,7.78789588090907,30.1279618002711,2.02361050891297,4.05347123173715,5.3826238032282,-0.183073030124481,-132223.329729375,p0004,Simstrat
0.948722974316172,24.489307311849,34.7150373372701,4.94895553408024,5.89229008416968,27.6621853204716,0.997079645811488,1.70483724571828,2.20774587039982,0.800968571050226,-28804.6290865055,p0005,Simstrat
0.792870456946747,24.489307311849,38.4462849041982,4.94895553408024,6.20086806656333,24.3286312870042,-0.2242416763952,2.82652502254456,3.78531557092289,0.414903255979867,-69378.4962890648,p0006,Simstrat
0.877356964257032,24.489307311849,62.6603002838241,4.94895553408024,7.9162871124774,34.3685186994766,3.07914895491087,4.22778151462193,5.28145136143926,-0.139016638079931,-127593.185216357,p0007,Simstrat
0.791654202646885,24.489307311849,77.0285214351727,4.94895553408024,8.77710071869472,34.3834580624178,3.83291742432716,5.50222402504952,6.88782756781098,-0.937260535782578,-211485.315994119,p0008,Simstrat
0.754182732862431,24.489307311849,78.8771264779528,4.94895553408024,8.88179697323766,33.1467059694144,3.65988993786555,5.5509517794827,7.1040703971922,-1.06081027795522,-224469.882688254,p0009,Simstrat
0.922210155055241,24.489307311849,48.0636555192502,4.94895553408024,6.93319955276209,31.639276942922,2.06301208435279,2.8845334335314,3.67837298345898,0.447496508041521,-65953.0803575454,p0010,Simstrat
0.88258772297441,24.489307311849,58.7568260234612,4.94895553408024,7.6657467048199,33.4792173150068,2.76539761458697,3.9380201763952,4.89235349009656,0.0226296576188154,-110604.828377641,p0011,Simstrat
0.849812866452829,24.489307311849,61.2599752054482,4.94895553408024,7.82733117983286,32.9154624450933,2.77658013025749,4.25594528043808,5.25621107327809,-0.128155831238382,-126451.759355758,p0012,Simstrat
0.838990381638806,24.489307311849,51.7617549676214,4.94895553408024,7.19498341904047,29.8709977305896,1.55427106384714,3.38113067680298,4.35026727434118,0.227220879822635,-89103.1374552274,p0013,Simstrat
0.841557142514311,24.489307311849,48.0958658922445,4.94895553408024,6.93552234259703,28.8818983301789,1.14714102691367,3.05339006011884,4.01712696829019,0.341046732197429,-77140.5113445877,p0014,Simstrat
0.914572865477055,24.489307311849,37.0055143392854,4.94895553408024,6.08357019612401,27.5321283259744,0.746845330537108,2.03246370593033,2.64354741718976,0.714636969598999,-37877.7231872486,p0015,Simstrat
0.763948187341007,24.489307311849,70.1643853916866,4.94895553408024,8.37690641903142,31.6672622019079,2.9154879515321,4.86628567773506,6.3102486714272,-0.625984671113274,-178771.510574556,p0016,Simstrat
0.763871888424434,24.489307311849,79.4430676637965,4.94895553408024,8.91360334571809,33.6927749562379,3.76533157707095,5.60527889712222,7.12211674633725,-1.07129365900499,-225571.642659801,p0017,Simstrat
0.903394015599942,24.489307311849,32.3112680269367,4.94895553408024,5.68463130126903,25.4122114764598,0.1421905403705,1.85701184574158,2.44874876939978,0.755143317886512,-33620.6735841816,p0018,Simstrat
0.781496688892645,24.489307311849,77.7635620907277,4.94895553408024,8.81887880236346,34.1038544275284,3.7594955167191,5.51391433997437,6.94110705059005,-0.967347074142832,-214647.286687579,p0019,Simstrat
0.804387514058702,24.489307311849,76.8655704034372,4.94895553408024,8.7678119851443,34.8995235882803,3.92506096446464,5.50259181661424,6.85287779793933,-0.917650569510696,-209424.389678537,p0020,Simstrat
0.862607609512314,24.489307311849,36.1429313725572,4.94895553408024,6.01224940049263,25.6633426213049,0.117986035535361,2.29412121134801,3.05278137873935,0.619447213116209,-47881.7727296758,p0021,Simstrat
0.858131340650095,24.489307311849,62.0963367226627,4.94895553408024,7.88058198176465,33.463780609444,2.93188252102994,4.29439339648142,5.31545086824671,-0.153728750795418,-129139.36738887,p0022,Simstrat
0.922698486885591,24.489307311849,49.8162954138968,4.94895553408024,7.05847718391486,32.2280310243837,2.17620915495747,2.95976045007573,3.81908718977443,0.404416516262914,-70480.6092426357,p0023,Simstrat
0.79212256312504,24.489307311849,44.4148270118502,4.94895553408024,6.66483325813485,26.1242975790455,0.398823339182104,2.95226763833159,4.10056084230982,0.313390166272732,-80047.1019894971,p0024,Simstrat
0.760241349944262,24.489307311849,72.2262181392875,4.94895553408024,8.49909607850477,31.9732788706236,3.08304789758826,5.02938994465805,6.50185758446866,-0.726228982730698,-189306.772947546,p0025,Simstrat
0.82596926094111,24.489307311849,46.9932363257896,4.94895553408024,6.85556067120351,28.0201085298939,0.920063252126296,2.96470633193522,4.03594387544772,0.334858975048156,-77790.8190180718,p0026,Simstrat
0.875653283965667,24.489307311849,52.0344765884767,4.94895553408024,7.21391293262206,31.2583483331429,2.09432671828032,3.45435026878714,4.28874009902009,0.248925606481187,-86822.060490436,p0027,Simstrat
0.94133008490354,24.489307311849,42.7862085443749,4.94895553408024,6.54149784986808,30.470676145608,1.70717120191075,2.17578599720377,3.04115061738831,0.622341417833146,-47577.6037891933,p0028,Simstrat
0.841262037189414,24.489307311849,71.0856967040562,4.94895553408024,8.43172460529256,35.1002859129082,3.5426340124665,4.97659468146336,6.15830235831056,-0.548622321302805,-170641.047709442,p0029,Simstrat
0.888937506945427,24.489307311849,36.163195597476,4.94895553408024,6.01393460555484,26.4540933377085,0.379856786321799,2.11843263928696,2.80866648287453,0.677875437162492,-41741.2081391914,p0030,Simstrat
0.816148951685482,24.489307311849,71.8541087568721,4.94895553408024,8.47717414059396,34.2360365366183,3.56436348642666,5.1338346447629,6.36993171539979,-0.656887618018644,-182019.282428077,p0031,Simstrat
0.782392208748094,24.489307311849,70.2082128737918,4.94895553408024,8.37952228603891,32.4419332759626,3.06130402073867,4.89906921938716,6.25981117455681,-0.600095725130891,-176050.689471754,p0032,Simstrat
0.8518069184412,24.489307311849,41.1312980088594,4.94895553408024,6.41374233573873,27.0343306491547,0.505518268437609,2.56136872678551,3.43620324517094,0.517851093468443,-58559.1045333177,p0033,Simstrat
0.9557539191142,24.489307311849,33.9429572791151,4.94895553408024,5.82639789345008,27.5555559034095,1.04126004334149,1.52989093650239,2.09889858306794,0.820110254409968,-26792.9173673886,p0034,Simstrat
0.945300367035058,24.489307311849,37.438556412853,4.94895553408024,6.11906192680528,28.6231630387968,1.273071354072,1.92763534521729,2.51042791564849,0.742653059173384,-34933.3480943476,p0035,Simstrat
0.959881095579587,24.489307311849,31.0760040723797,4.94895553408024,5.57491032575453,26.4800178753918,0.776516281020622,1.2789887242223,1.79115972714194,0.868993715204721,-21655.4679015479,p0036,Simstrat
0.778822651888061,24.489307311849,56.0387626753454,4.94895553408024,7.4863403928467,28.8516791402499,1.55519370779448,3.68309227612723,5.02427499003171,-0.030790248740284,-116219.039501974,p0037,Simstrat
0.859472713441589,24.489307311849,44.1405401119906,4.94895553408024,6.64422181283562,28.2578532436552,0.937399740999651,2.74133895642549,3.6045608901717,0.469447663606686,-63646.1047343107,p0038,Simstrat
0.92784113104361,24.489307311849,48.2766348390072,4.94895553408024,6.9485437449265,31.9029149577927,2.07568656262379,2.77423048502854,3.64260716266906,0.458188556639658,-64829.3902900627,p0039,Simstrat
0.80387638335521,24.489307311849,54.3014364958008,4.94895553408024,7.36938015437141,29.3145464895264,1.50816837399511,3.52148281556565,4.736688998965,0.0838359620706642,-104172.299031315,p0040,Simstrat
0.790152893313594,24.489307311849,76.1124723425164,4.94895553408024,8.72475450615705,34.1135801332892,3.74141778119539,5.42848661819877,6.8097596434259,-0.893594857980924,-206896.233931383,p0041,Simstrat
0.857198238125258,24.489307311849,64.6282675511573,4.94895553408024,8.03963918517929,34.1020728176596,3.14274212699522,4.46408703297215,5.54889694484207,-0.257293924748124,-140023.638652661,p0042,Simstrat
0.927372326219077,24.489307311849,49.0021093894066,4.94895553408024,7.00055849629121,32.1254907172126,2.14658323558196,2.78213949306769,3.721324341429,0.434518311287166,-67317.0351369172,p0043,Simstrat
0.928842254809341,24.489307311849,50.0043915430238,4.94895553408024,7.07179031098141,32.503811311406,2.27576762553886,2.55137618664803,3.82951622499652,0.401159276137799,-70822.9317023967,p0044,Simstrat
0.94739244240233,24.489307311849,25.1085043251202,4.94895553408024,5.01113061516464,23.4924649788645,-0.275148424909705,1.28005321111499,1.63969153653074,0.89021378592976,-19425.3262700218,p0045,Simstrat
0.796641754785238,24.489307311849,40.4287217628401,4.94895553408024,6.3587288538644,25.0666513990584,-0.0111305111033438,2.82610939960387,3.84510730212432,0.396273239721397,-71336.4339129484,p0046,Simstrat
0.793872027857694,24.489307311849,53.8271258758765,4.94895553408024,7.33712463923327,28.8230108964127,1.38760062833508,3.4878283988116,4.7535089038158,0.0773178428071255,-104857.326396078,p0047,Simstrat
0.814170434808424,24.489307311849,45.5942033364069,4.94895553408024,6.75274137722685,27.2056053687549,0.653527744145404,2.90270564278224,4.0124055656319,0.342594781546792,-76977.8177632889,p0048,Simstrat
0.849706104503258,24.489307311849,51.0245689963341,4.94895553408024,7.14356455349095,30.0363157689021,1.5770666608412,3.33219905277875,4.2341922515535,0.267909712805918,-84826.9094656967,p0049,Simstrat
0.950824328201519,24.489307311849,36.0740466319384,4.94895553408024,6.00651730093667,28.2608986111832,1.23727370360014,1.76613194011418,2.36059376832219,0.772455673487123,-31801.2166433926,p0050,Simstrat
0.832383247307569,24.489307311849,59.0005351570625,4.94895553408024,7.68162808744129,31.6402245448782,2.28582111687056,4.03082462471164,5.04325009864537,-0.0385908933071448,-117038.854969449,p0051,Simstrat
0.770707310037692,24.489307311849,60.8016282946077,4.94895553408024,7.79799417029833,29.7396144401075,2.02444229010835,4.08201718792963,5.46901026806687,-0.221352361311951,-136246.329049892,p0052,Simstrat
0.773979408442842,24.489307311849,64.8428355918399,4.94895553408024,8.05297406370188,30.8424348685032,2.38634182919725,4.39694853547711,5.77424458197426,-0.361488100413797,-150974.015393884,p0053,Simstrat
0.787553512691217,24.489307311849,50.3509034574956,4.94895553408024,7.09625045313048,27.6548913956335,0.998300266934638,3.25709209704066,4.53067670453757,0.161796161089966,-95979.0046880564,p0054,Simstrat
0.884910934834201,24.489307311849,53.9407926283367,4.94895553408024,7.34486745754407,32.1622537610366,2.41822341395782,3.60238959081906,4.46692253099674,0.185220037306977,-93517.2522179466,p0055,Simstrat
0.774387984075273,24.489307311849,68.5544843334201,4.94895553408024,8.28024592053368,31.7296141106571,2.7634985192823,4.71683095060002,6.10094152488208,-0.519907730179899,-167623.262993962,p0056,Simstrat
0.923766097789805,24.489307311849,34.6076174116166,4.94895553408024,5.88316666375037,26.8928061057736,0.602263319526972,1.81721576470931,2.38202300953748,0.768305671299218,-32237.3647019969,p0057,Simstrat
0.788138699723468,24.489307311849,41.9929915695812,4.94895553408024,6.48057749873027,25.2743101752743,0.14907805019224,2.91559045266224,3.99448404627316,0.348454303229287,-76362.0062792328,p0058,Simstrat
0.908215358721671,24.489307311849,29.88878813641,4.94895553408024,5.46738245107526,24.5714760347207,-0.0435782102994291,1.7601646322964,2.28845852906069,0.786149833780857,-30362.0170584538,p0059,Simstrat
0.789742842206342,24.489307311849,41.2616375787252,4.94895553408024,6.42389644271021,25.1042458289777,0.0713776515670511,2.88908550350693,3.94303791533408,0.365129123344394,-74609.551680058,p0060,Simstrat
0.775574119629438,24.489307311849,81.3945879835686,4.94895553408024,9.02242053561478,34.6265580285031,4.07042217954095,5.79959896458115,7.29377240926192,-1.17234057626327,-236191.255564726,p0061,Simstrat
0.81909339645218,24.489307311849,75.7983211337803,4.94895553408024,8.70673034945636,35.2899845700524,3.8992768335081,5.4053211974834,6.70164301719044,-0.833944037613793,-200627.179526279,p0062,Simstrat
0.788528289772867,24.489307311849,59.6946137479256,4.94895553408024,7.72667907582025,30.1490132596511,1.97256769754165,3.9815722744961,5.27038118752878,-0.134246775874203,-127091.892434656,p0063,Simstrat
0.777084639641517,24.489307311849,57.9119607144044,4.94895553408024,7.61043420490565,29.2644731283897,1.7365883677036,3.83249399743679,5.18536989310479,-0.0979510602697975,-123277.362904371,p0064,Simstrat
0.907982132503547,24.489307311849,44.9961929829516,4.94895553408024,6.70831097015655,30.1407072220217,1.69466414482116,2.79853219212397,3.47504998733827,0.506887954782748,-59711.2850473212,p0065,Simstrat
0.815410673823012,24.489307311849,45.9266335377688,4.94895553408024,6.77731399927898,27.3461976798774,0.705202520330887,2.91642070697891,4.02751239408943,0.337635161420201,-77499.0533173162,p0066,Simstrat
0.761929644200593,24.489307311849,76.7405838491174,4.94895553408024,8.76068067496571,33.030539783259,3.51318662896423,5.39168309024816,6.89284352675885,-0.940083126050417,-211781.958552319,p0067,Simstrat
0.77115319269071,24.489307311849,74.1354090680374,4.94895553408024,8.61069378999008,32.8580476949719,3.3245671559478,5.19901269492019,6.63033692691024,-0.795124999026777,-196547.459191201,p0068,Simstrat
0.794315564420259,24.489307311849,60.2343449657499,4.94895553408024,7.76153101196015,30.5072751485301,2.05095089234533,4.0277905640219,5.28351223556365,-0.139905722439277,-127686.624303785,p0069,Simstrat
0.829727334627591,24.489307311849,68.90851993488,4.94895553408024,8.30159920492727,34.0847497145509,3.40397602423395,4.90015337108237,6.06756793049628,-0.503324700955259,-165880.455237574,p0070,Simstrat
0.786634748222406,24.489307311849,68.9316623374651,4.94895553408024,8.30299310239719,32.3199554332252,2.96534344055691,4.79520665148549,6.129789596986,-0.534315365675434,-169137.445870484,p0071,Simstrat
0.786840173922938,24.489307311849,38.1919493287659,4.94895553408024,6.18032358113713,24.0636049395818,-0.226053330129325,2.86816962513107,3.8216680742202,0.403611270685174,-70565.2372210147,p0072,Simstrat
0.882730100282451,24.489307311849,43.9253201621092,4.94895553408024,6.62800410909761,28.9516722912673,1.14067819550274,2.68430054852616,3.43692153490869,0.517649499567359,-58580.2912181924,p0073,Simstrat
0.779710884043586,24.489307311849,58.7544623028684,4.94895553408024,7.66559251111332,29.5761932503656,1.83443713480135,3.89720096842596,5.23989911310556,-0.12116452972272,-125717.002494169,p0074,Simstrat
0.803512811058234,24.489307311849,78.7508296073247,4.94895553408024,8.87468342459048,35.2865033449702,4.09440852459513,5.63933272438541,7.03074045855133,-1.01848548699429,-220021.722284329,p0075,Simstrat
0.763810160209597,24.489307311849,72.2106421510692,4.94895553408024,8.49817959026971,32.1199074454041,3.10080629977863,5.02617822544565,6.48653484387904,-0.718102261736862,-188452.688196793,p0076,Simstrat
0.792704016687572,24.489307311849,47.2149231911701,4.94895553408024,6.87171192742692,26.9549762262535,0.6930798639753,3.06099622830013,4.2748845304125,0.253770736932277,-86312.8573275832,p0077,Simstrat
0.797518316858478,24.489307311849,63.7283351032161,4.94895553408024,7.98346797558185,31.5061403524324,2.49541272247466,4.35648812571362,5.60646469405531,-0.283517167938854,-142779.593008849,p0078,Simstrat
0.87188552604741,24.489307311849,45.7410083293102,4.94895553408024,6.76360393627291,29.1810278935353,1.21849852534079,2.86757690749155,3.65417548981248,0.454741682142822,-65191.6425376468,p0079,Simstrat
0.771261932569307,24.489307311849,62.8489533384391,4.94895553408024,7.92819504579713,30.2579270578647,2.19680545788186,4.24153002155423,5.62568758058411,-0.292333848047445,-143706.189607739,p0080,Simstrat
0.822084010915137,24.489307311849,48.9638654624393,4.94895553408024,6.99782615365174,28.4670392426876,1.08275679669113,3.10508020202726,4.20612132132371,0.277584443512048,-83810.1352993371,p0081,Simstrat
0.920744268730324,24.489307311849,44.1316543339789,4.94895553408024,6.64355301662837,30.2693000718495,1.73084861154841,2.67777918991961,3.32839276802303,0.547631205850079,-55429.3379423211,p0082,Simstrat
0.812371107635048,24.489307311849,49.4806755277482,4.94895553408024,7.03465998910233,28.2787709172608,1.0558851739485,3.13992529791448,4.3043390323765,0.243452080138034,-87397.3054614491,p0083,Simstrat
0.968362819444257,24.489307311849,25.2746286415431,4.94895553408024,5.02768074920828,24.0917722213433,0.0489450238844227,0.91422653850635,1.25808867973155,0.935368236189235,-14679.7803820194,p0084,Simstrat
0.801181432478798,24.489307311849,47.0650627997391,4.94895553408024,6.86079783698185,27.1999714202979,0.723348411511127,3.02070724734941,4.20448096623448,0.27814780670114,-83750.9281591751,p0085,Simstrat
0.835948746018263,24.489307311849,67.2525150396587,4.94895553408024,8.20124085132511,33.9251804475322,3.27187371513457,4.75818000734009,5.88188907275815,-0.412723464313436,-156358.640144646,p0086,Simstrat
0.9228125764382,24.489307311849,41.3056850311627,4.94895553408024,6.4273243337832,29.3499029637953,1.4151324832809,2.42026205242922,3.01625369633555,0.628499644975425,-46930.3995972588,p0087,Simstrat
0.837872014820452,24.489307311849,60.3914830363854,4.94895553408024,7.7716484757384,32.2220956889378,2.53035463497612,4.17870508540137,5.1806653577609,-0.0959596858878011,-123068.077696475,p0088,Simstrat
0.766564703311381,24.489307311849,66.9447801347876,4.94895553408024,8.18245566675385,31.0381214751368,2.60333503005942,4.59622912932541,6.01125592327407,-0.475550015153501,-162961.450682327,p0089,Simstrat
0.803289310152728,24.489307311849,62.8873463041541,4.94895553408024,7.93061625118622,31.5240401973903,2.46103307631364,4.30011764953979,5.51228237882752,-0.240756083338897,-138285.579948702,p0090,Simstrat
0.792624115497943,24.489307311849,71.283434782929,4.94895553408024,8.4434436659099,33.1169125391443,3.32970329360364,5.03803724233951,6.37384036824929,-0.658921606993256,-182233.046253331,p0091,Simstrat
0.792956938818869,24.489307311849,66.8686329248808,4.94895553408024,8.17780072241843,32.0884749108444,2.76415181276943,4.61037098112548,5.90097666993165,-0.421907333500991,-157323.826796427,p0092,Simstrat
0.755171268255722,24.489307311849,81.1186982036737,4.94895553408024,9.00711665263063,33.6584563922327,3.87098054527554,5.72540881974834,7.29901247518863,-1.17546304738403,-236519.41435976,p0093,Simstrat
0.761468302984174,24.489307311849,77.312201257264,4.94895553408024,8.79324797236003,33.1332547772322,3.55541968711406,5.42817543813352,6.94089390252919,-0.967226249100853,-214634.588475601,p0094,Simstrat
0.920008757551321,24.489307311849,56.9859656797614,4.94895553408024,7.54934473003301,34.3687841117884,2.69760627169987,3.16410246650355,4.47378859191494,0.182713332383061,-93780.6965335294,p0095,Simstrat
0.792336755598149,24.489307311849,52.2017785077649,4.94895553408024,7.22550075865016,28.3296170027367,1.21897802155424,3.36838900163113,4.63872387960017,0.121340634213791,-100230.713171074,p0096,Simstrat
0.925288519395803,24.489307311849,30.6715010187044,4.94895553408024,5.53850836892372,25.3590476266133,0.175637983152744,1.59977076204124,2.11507961515701,0.817325916103465,-27085.5398027256,p0097,Simstrat
0.865554718762897,24.489307311849,63.9230264416966,4.94895553408024,7.99565350309976,34.2461254454845,3.11354862169405,4.36890429919609,5.44189928997492,-0.209273398594691,-134976.880047084,p0098,Simstrat
0.80538052202052,24.489307311849,64.069060560088,4.94895553408024,8.00478145087984,31.9016797244966,2.62155354188512,4.41848181871141,5.62383778179227,-0.291484115625083,-143616.886246062,p0099,Simstrat
0.821206745677571,24.489307311849,42.3269328638031,4.94895553408024,6.50629425426621,26.4392516438484,0.351787843131772,2.72861140421764,3.74986554086019,0.425810971479495,-68232.1405225942,p0100,Simstrat
