year,TsMax,TsMaxDay,TsMin,TsMinDay,TbMax,TbMaxDay,TbMin,TbMinDay,MaxStratDur,MeanStratDur,TotStratDur,StratStart,StratEnd,StratFirst,StratLast,par_id,model
2010,25.9612369537354,194,-0.161860302090645,332,18.4648952484131,239,3.47390844389339e-13,364,0,0,0,249,249,249,249,p0001,GOTM
2011,23.9583168029785,191,0,76,18.0948753356934,249,0,77,122,122,122,127,249,127,249,p0001,GOTM
2012,22.2439403533936,210,-0.142886713147163,342,17.749195098877,244,1.3026669957982e-28,84,122,61,122,121,243,119,243,p0001,GOTM
2013,22.0136623382568,218,0,104,18.1256217956543,256,0,105,126,42,126,126,252,126,256,p0001,GOTM
2014,26.7549343109131,209,-0.393321633338928,359,17.7199783325195,237,1.67196114699935e-17,65,122,63,126,115,237,115,250,p0001,GOTM
2015,22.3180656433105,185,-0.0764355883002281,75,18.4583282470703,245,6.06919988563451e-29,67,121,42,126,123,244,116,252,p0001,GOTM
2010,21.5020866394043,194,-0.325564622879028,329,18.9542045593262,227,-0.437379270792007,329,30,5.42857142857143,38,174,204,154,227,p0002,GOTM
2011,19.8701839447021,191,-7.97809281885842e-17,0,19.2319068908691,218,-1.23893828363882e-16,0,19,4.125,33,176,195,133,210,p0002,GOTM
2012,18.6845016479492,210,-0.333838582038879,8,17.7834606170654,212,-0.195221304893494,8,20,4.75,38,158,178,145,231,p0002,GOTM
2013,18.7781810760498,221,-2.58846682152716e-13,0,17.9385852813721,223,-4.01977171167467e-13,0,16,3.77777777777778,34,206,222,151,238,p0002,GOTM
2014,22.8837127685547,209,-0.340291112661362,358,19.5152626037598,224,-0.266358971595764,358,39,6.85714285714286,48,185,224,141,224,p0002,GOTM
2015,18.1570739746094,221,-0.000221921960473992,0,17.7832717895508,236,-0.000337271427270025,0,15,3.14285714285714,22,172,187,163,224,p0002,GOTM
2010,23.198486328125,194,-0.45132714509964,329,20.1731605529785,204,-0.445019334554672,329,32,5.2,52,172,204,150,249,p0003,GOTM
2011,21.6170215606689,191,-8.35191426651685e-17,0,20.3600997924805,218,-1.29699008372559e-16,0,19,3.57142857142857,50,176,195,129,246,p0003,GOTM
2012,20.3756046295166,201,-0.312499940395355,8,19.074047088623,212,-0.219204440712929,339,22,5.75,46,158,180,145,232,p0003,GOTM
2013,20.2546367645264,221,-2.86721791057862e-13,0,19.1589374542236,223,-4.45265975783024e-13,0,16,3,39,206,222,133,247,p0003,GOTM
2014,24.7340869903564,209,-0.329415798187256,358,21.1244621276855,223,-0.258708089590073,358,38,9,54,185,223,140,223,p0003,GOTM
2015,19.6125736236572,195,-0.000240964276599698,0,19.0124816894531,236,-0.000365615996997803,0,16,2.58333333333333,31,171,187,147,253,p0003,GOTM
2010,24.7548770904541,194,-0.411956042051315,329,21.1358089447021,204,-0.370704084634781,329,34,5.55555555555556,50,170,204,165,251,p0004,GOTM
2011,23.1319713592529,191,-9.2601837253907e-17,0,21.2983360290527,218,-1.43803787775347e-16,0,20,4.13333333333333,62,152,172,128,246,p0004,GOTM
2012,22.174768447876,201,-0.283264607191086,8,20.1620960235596,212,-0.273131430149078,339,25,5.5,55,157,182,123,237,p0004,GOTM
2013,21.5134525299072,221,-3.36711751145954e-13,0,20.105016708374,188,-5.22898293674884e-13,0,17,4.14285714285714,58,206,223,130,256,p0004,GOTM
2014,26.2497901916504,209,-0.290524333715439,358,21.5436477661133,224,-0.287103712558746,15,47,6.09090909090909,67,177,224,117,262,p0004,GOTM
2015,21.2820320129395,195,-0.203153669834137,46,20.0435066223145,236,-0.233762621879578,46,17,2.5625,41,171,188,118,253,p0004,GOTM
2010,25.1070995330811,194,-0.255807369947433,330,20.1344184875488,230,-0.288554430007935,330,13,3.5,14,217,230,217,250,p0005,GOTM
2011,23.3842945098877,191,-1.45569877940152e-16,0,21.066499710083,219,-2.26059488155457e-16,0,91,10.4444444444444,94,128,219,118,246,p0005,GOTM
2012,22.0640525817871,201,-0.266829252243042,8,19.6977291107178,220,-0.126278549432755,340,62,7.9,79,157,219,121,237,p0005,GOTM
2013,21.570219039917,221,-7.59754997629869e-13,0,19.6652889251709,199,-1.17986870273867e-12,0,70,13.5714285714286,95,129,199,129,256,p0005,GOTM
2014,26.4146404266357,209,-0.350503176450729,15,19.6146640777588,230,-0.327405959367752,15,53,9.44444444444444,85,177,230,117,262,p0005,GOTM
2015,21.1536827087402,195,-0.000315228971885517,0,19.8210697174072,238,-0.000475404289318249,0,43,7.4,74,160,203,118,253,p0005,GOTM
2010,22.0645389556885,194,-0.232288599014282,330,18.2656536102295,232,-0.265467494726181,330,60,60,60,170,230,170,230,p0006,GOTM
2011,20.1976451873779,191,-1.35957231894008e-16,0,17.8091659545898,230,-2.11131697130403e-16,0,76,15.2,76,152,228,140,238,p0006,GOTM
2012,18.8766651153564,210,-0.123218283057213,340,17.3944511413574,233,-0.101721957325935,341,74,40.5,81,158,232,145,232,p0006,GOTM
2013,18.9033012390137,221,-1.0800183447221e-12,0,17.3860092163086,230,-1.67722530742404e-12,0,65,29.6666666666667,89,138,203,138,238,p0006,GOTM
2014,23.2194347381592,209,-0.229604333639145,359,16.7574310302734,232,-0.262623935937881,359,54,24.6666666666667,74,178,232,138,232,p0006,GOTM
2015,18.5663890838623,221,-0.0609331764280796,62,17.6129283905029,239,-0.000421201577410102,0,44,7.22222222222222,65,163,207,147,238,p0006,GOTM
2010,21.157585144043,194,-0.295251369476318,329,20.3426113128662,202,-0.334151476621628,329,16,2.875,23,186,202,154,227,p0007,GOTM
2011,19.5933456420898,191,-6.14467875487015e-17,0,19.2157783508301,211,-9.54222253576923e-17,0,7,3.16666666666667,19,176,183,154,209,p0007,GOTM
2012,18.4069728851318,210,-0.351400315761566,8,17.6670074462891,212,-0.334104895591736,338,10,2.875,23,159,169,145,230,p0007,GOTM
2013,18.6737117767334,221,-0.0151282027363777,342,17.9148464202881,222,-2.47751580535749e-13,0,6,0.846153846153846,11,206,212,153,238,p0007,GOTM
2014,22.5713081359863,209,-0.432873874902725,358,20.8218441009521,218,-0.376438051462173,358,17,5.8,29,198,215,159,215,p0007,GOTM
2015,17.8634815216064,220,-0.142331063747406,19,17.6846466064453,236,-0.140424504876137,19,4,1.42857142857143,10,182,186,163,222,p0007,GOTM
2010,23.7533168792725,194,-0.325370699167252,329,22.3635559082031,202,-0.364461004734039,329,14,2.5625,41,186,200,147,250,p0008,GOTM
2011,22.115442276001,191,-6.58272515226517e-17,0,20.7440986633301,216,-1.02224760191981e-16,0,9,2.2,33,186,195,129,246,p0008,GOTM
2012,21.1795959472656,201,-0.379244923591614,8,19.5478229522705,212,-0.320487052202225,338,12,2.83333333333333,34,158,170,123,235,p0008,GOTM
2013,20.8498096466064,221,-1.44944169513939e-13,0,19.9286251068115,220,-2.25091362107514e-13,0,7,1.8,27,156,163,151,247,p0008,GOTM
2014,25.349967956543,209,-0.425453364849091,358,22.6537075042725,218,-0.372925579547882,358,17,3.77777777777778,34,198,215,157,262,p0008,GOTM
2015,20.324743270874,195,-0.207768246531487,46,19.4770069122314,236,-0.23872022330761,46,5,1.33333333333333,20,171,176,147,253,p0008,GOTM
2010,21.7413005828857,194,-0.343554049730301,329,20.0541400909424,203,-0.407446026802063,329,17,3.77777777777778,34,186,203,147,227,p0009,GOTM
2011,20.1272945404053,191,-7.04543609029304e-17,0,19.4286231994629,209,-1.09410332589442e-16,0,8,3.125,25,176,184,130,209,p0009,GOTM
2012,18.8645401000977,210,-0.360615342855453,8,18.0381565093994,212,-0.273714333772659,338,18,3.66666666666667,33,158,176,145,231,p0009,GOTM
2013,19.0812873840332,221,-1.75944138815567e-13,0,18.2487163543701,222,-2.73233014989535e-13,0,11,2.3,23,206,217,152,238,p0009,GOTM
2014,23.2015800476074,209,-0.398052871227264,358,20.9698104858398,220,-0.336921125650406,358,22,5.42857142857143,38,198,220,142,220,p0009,GOTM
2015,18.3262310028076,221,-0.000206711760256439,0,18.0333385467529,236,-0.000314570817863569,0,4,1.5,12,172,176,163,222,p0009,GOTM
2010,23.8906764984131,194,-0.223002776503563,330,18.4156246185303,235,-0.163177073001862,331,0,0,0,249,249,249,249,p0010,GOTM
2011,22.0394725799561,191,-2.4345823310633e-16,0,17.9763069152832,243,-3.78073579523431e-16,0,113,113,113,129,242,129,242,p0010,GOTM
2012,20.3989772796631,210,-0.134513825178146,342,17.5275077819824,239,-0.0703887492418289,343,81,47.5,95,157,238,140,238,p0010,GOTM
2013,20.2960529327393,221,-5.59299351624021e-12,0,17.8680858612061,242,-8.68569539208552e-12,0,111,55.5,111,129,240,129,247,p0010,GOTM
2014,24.9860954284668,209,-0.289468228816986,359,17.4013710021973,233,-0.337682515382767,359,97,24.75,99,135,232,117,250,p0010,GOTM
2015,20.1223125457764,184,-0.000338039768394083,0,18.2296352386475,240,-0.000508898519910872,0,80,23,92,159,239,141,243,p0010,GOTM
2010,19.9140510559082,194,-0.258769422769547,329,19.5517292022705,202,-0.294656097888947,329,12,2.4,12,187,199,154,226,p0011,GOTM
2011,18.6984596252441,206,-5.56334085257932e-17,0,18.612756729126,211,-8.63944555616273e-17,0,6,2.6,13,177,183,154,208,p0011,GOTM
2012,17.472448348999,210,-0.247269377112389,338,16.969409942627,219,-0.335819572210312,8,1,0.166666666666667,1,164,165,164,230,p0011,GOTM
2013,17.826322555542,221,-0.0789752155542374,342,17.3689270019531,220,-0.042111948132515,343,5,0.833333333333333,5,206,211,159,222,p0011,GOTM
2014,21.1855049133301,209,-0.484004497528076,358,20.2037963867188,218,-0.433008641004562,358,17,5.5,22,198,215,159,215,p0011,GOTM
2015,16.9875602722168,236,-0.0985315665602684,20,16.9751300811768,236,-0.144062802195549,20,2,1,5,195,197,164,222,p0011,GOTM
2010,28.3161144256592,194,-0.166060820221901,332,19.5022220611572,239,-0.0554736778140068,333,3,1,3,249,252,243,254,p0012,GOTM
2011,26.3182563781738,191,-6.93986905058775e-16,0,19.9828624725342,247,-1.07771612357102e-15,0,131,65.5,131,113,244,113,246,p0012,GOTM
2012,24.7936611175537,201,-0.153444439172745,8,19.3622703552246,240,1.64268216405616e-25,77,124,41.3333333333333,124,118,242,118,255,p0012,GOTM
2013,24.336124420166,175,0,100,19.9713230133057,244,0,100,123,43.6666666666667,131,121,244,121,256,p0012,GOTM
2014,29.1929187774658,205,-0.144917026162148,14,19.610782623291,234,-0.000717194809112698,363,125,16.375,131,109,234,109,262,p0012,GOTM
2015,24.5172386169434,185,-6.4826657762751e-05,0,20.6188259124756,243,-9.99875192064792e-05,0,132,67,134,111,243,111,254,p0012,GOTM
2010,21.2536544799805,194,-0.3186274766922,329,18.8099384307861,227,-0.428677201271057,329,31,5.42857142857143,38,174,205,154,227,p0013,GOTM
2011,19.6839389801025,206,-7.85188557146202e-17,0,19.0837707519531,218,-1.21933913237944e-16,0,19,4.125,33,176,195,152,210,p0013,GOTM
2012,18.5006561279297,210,-0.334953129291534,8,17.6274452209473,219,-0.193198159337044,8,22,6.83333333333333,41,158,180,145,230,p0013,GOTM
2013,18.5848693847656,221,-1.28795357625527e-13,0,17.7697257995605,223,-2.00013223756838e-13,0,16,3.77777777777778,34,206,222,151,238,p0013,GOTM
2014,22.601375579834,209,-0.336468487977982,358,19.0539875030518,225,-0.26076927781105,358,40,7.14285714285714,50,185,225,141,225,p0013,GOTM
2015,17.9706764221191,221,-0.000219748573726974,0,17.6158390045166,236,-0.000334031064994633,0,15,3.14285714285714,22,172,187,163,224,p0013,GOTM
2010,23.2709350585938,194,-0.180958911776543,329,21.1712493896484,203,-0.446434080600739,329,30,4.45454545454545,49,173,203,147,249,p0014,GOTM
2011,21.6855144500732,191,-7.87546485113121e-17,0,20.4120044708252,218,-1.22300082934064e-16,0,10,3.38461538461538,44,159,169,129,246,p0014,GOTM
2012,20.5190849304199,201,-0.32905837893486,8,19.1583137512207,212,-0.207614734768867,8,19,4.55555555555556,41,158,177,145,232,p0014,GOTM
2013,20.3624267578125,221,-2.20080396506721e-13,0,19.274938583374,222,-3.41774731345973e-13,0,14,2.42857142857143,34,206,220,133,247,p0014,GOTM
2014,24.8413772583008,209,-0.358154833316803,358,21.9030799865723,221,-0.293567061424255,358,37,7,49,185,222,140,222,p0014,GOTM
2015,19.751012802124,195,-0.0534060746431351,43,19.0948638916016,236,-0.0557828322052956,43,16,2.5,30,171,187,147,253,p0014,GOTM
2010,26.2758121490479,194,-0.230540707707405,329,21.5694236755371,210,-0.224258065223694,330,12,2,16,217,229,208,254,p0015,GOTM
2011,24.5123519897461,191,-1.18746567962095e-16,0,22.1017951965332,218,-1.84404750384986e-16,0,49,5.46666666666667,82,152,201,115,246,p0015,GOTM
2012,23.7290134429932,201,-0.245542615652084,8,20.7227954864502,213,-0.23518343269825,339,47,5.91666666666667,71,157,204,121,238,p0015,GOTM
2013,22.6264762878418,221,-3.32360332831738e-13,0,20.8891696929932,190,-5.16141003634868e-13,0,22,7.90909090909091,87,168,190,129,256,p0015,GOTM
2014,27.6434631347656,209,-0.237365245819092,15,21.5446529388428,228,-0.3207166492939,15,50,5.125,82,177,227,111,262,p0015,GOTM
2015,22.7445220947266,195,-0.183997914195061,46,20.7910022735596,237,-0.212473094463348,46,29,4.0625,65,162,191,118,254,p0015,GOTM
2010,24.4411716461182,194,-0.344214767217636,330,19.3624725341797,233,-0.274731338024139,330,0,0,0,235,235,235,249,p0016,GOTM
2011,22.6446533203125,191,-1.99979701051522e-16,0,18.9520721435547,233,-3.10554280426965e-16,0,103,21,105,128,231,128,246,p0016,GOTM
2012,20.964599609375,201,-0.352733910083771,8,18.5923118591309,235,-0.105090513825417,342,76,22.25,89,157,233,123,235,p0016,GOTM
2013,20.8504028320312,221,-2.94601257451454e-12,0,18.6501274108887,233,-4.57504997428138e-12,0,102,21,105,129,231,129,256,p0016,GOTM
2014,25.5956840515137,209,-0.142409265041351,15,18.2078800201416,232,-0.155231118202209,359,54,15.5,93,177,231,117,250,p0016,GOTM
2015,20.5424499511719,221,-0.000179442169610411,0,19.0174922943115,239,-0.000273736048256978,0,78,22,88,160,238,141,243,p0016,GOTM
2010,27.2170085906982,194,-0.223131850361824,331,19.2360877990723,238,-0.170284509658813,332,2,1,2,249,251,243,251,p0017,GOTM
2011,25.2725944519043,191,-6.71877121673952e-16,0,19.4143486022949,244,-1.04337984310906e-15,0,119,30.75,123,125,244,115,246,p0017,GOTM
2012,23.6604881286621,201,-0.157419517636299,342,18.9005298614502,239,4.99548556384337e-27,79,120,60.5,121,119,239,119,242,p0017,GOTM
2013,23.1468238830566,175,0,93,19.3738574981689,244,0,94,118,24.2,121,125,243,125,256,p0017,GOTM
2014,28.121768951416,209,-0.401880890130997,359,19.0913906097412,234,-0.0329636409878731,361,119,21.1666666666667,127,114,233,109,262,p0017,GOTM
2015,23.4333095550537,185,-0.000418153533246368,0,20.0036811828613,242,-0.000625746615696698,0,125,25.2,126,116,241,112,253,p0017,GOTM
2010,27.1674900054932,194,-0.334261387586594,330,20.8898887634277,232,-0.275073498487473,330,2,0.5,2,249,251,235,254,p0018,GOTM
2011,25.3407917022705,191,-1.98379973451514e-16,0,21.3212184906006,223,-3.08070038671786e-16,0,96,12.2222222222222,110,127,223,114,246,p0018,GOTM
2012,24.2222557067871,201,-0.249433249235153,8,20.5772113800049,232,-0.105408020317554,342,75,17.3333333333333,104,157,232,121,242,p0018,GOTM
2013,23.1385555267334,175,-2.95325070821806e-12,0,20.6870994567871,228,-4.58629054872484e-12,0,76,15.7142857142857,110,127,203,127,256,p0018,GOTM
2014,28.3389434814453,209,-0.338792979717255,15,20.3104419708252,230,-0.334025263786316,359,54,10,110,176,230,109,262,p0018,GOTM
2015,23.206413269043,195,-0.000340262107783929,0,20.8060150146484,238,-0.000512155878823251,0,48,7.58333333333333,91,159,207,112,254,p0018,GOTM
2010,24.9648132324219,194,-0.375507712364197,329,20.8949089050293,210,-0.333200007677078,329,35,5.66666666666667,51,170,205,165,251,p0019,GOTM
2011,23.3233280181885,191,-9.43515095379138e-17,0,21.3850193023682,218,-1.46520910651462e-16,0,21,4.125,66,152,173,118,246,p0019,GOTM
2012,22.3818378448486,201,-0.276382654905319,8,20.289758682251,212,-0.167410671710968,339,26,5.7,57,157,183,123,237,p0019,GOTM
2013,21.6593551635742,221,-2.29780441635824e-13,0,20.2571792602539,188,-3.56838690540595e-13,0,18,5.66666666666667,68,206,224,130,256,p0019,GOTM
2014,26.447359085083,209,-0.27548623085022,358,21.64137840271,224,-0.29635563492775,15,47,6.09090909090909,67,177,224,117,262,p0019,GOTM
2015,21.4735889434814,195,-0.191829368472099,46,20.0020427703857,237,-0.22109542787075,46,18,2.64705882352941,45,171,189,118,253,p0019,GOTM
2010,23.5576572418213,194,-0.132476091384888,331,17.2178764343262,239,1.00461630125892e-08,364,NA,NA,NA,NA,NA,NA,NA,p0020,GOTM
2011,21.3601722717285,191,0,87,15.9229383468628,254,0,87,113,113,113,138,251,138,251,p0020,GOTM
2012,20.1545562744141,210,-0.306698113679886,342,15.7996587753296,248,1.32578188472142e-36,98,111,111,111,136,247,136,247,p0020,GOTM
2013,20.0813045501709,218,0,108,16.0713920593262,259,0,108,119,119,119,138,257,138,257,p0020,GOTM
2014,24.2976417541504,209,-0.266020178794861,12,15.6747121810913,240,8.14281487775058e-31,81,103,34.3333333333333,103,135,238,135,249,p0020,GOTM
2015,19.9454746246338,184,-0.279141485691071,361,16.4227695465088,248,4.22991685536978e-26,76,108,21.8,109,138,246,129,246,p0020,GOTM
2010,21.6550331115723,194,-0.284177720546722,329,20.7919235229492,202,-0.323197275400162,329,13,2.22222222222222,20,186,199,147,226,p0021,GOTM
2011,20.0039825439453,191,-5.98227673084639e-17,0,19.5599842071533,211,-9.2900224461912e-17,0,7,2.28571428571429,16,176,183,130,209,p0021,GOTM
2012,18.7432250976562,210,-0.255547374486923,338,18.0229339599609,212,-0.340043157339096,8,8,1.66666666666667,15,159,167,145,230,p0021,GOTM
2013,19.0960292816162,221,-0.0650830939412117,342,18.480842590332,220,-0.0292815566062927,343,5,0.916666666666667,11,206,211,153,238,p0021,GOTM
2014,23.0541000366211,209,-0.478941977024078,358,21.3354053497314,218,-0.429602831602097,358,16,4,24,198,214,159,214,p0021,GOTM
2015,18.2009201049805,220,-0.123006381094456,21,18.0398769378662,236,-0.143838480114937,21,2,1,8,173,175,163,222,p0021,GOTM
2010,25.4002571105957,194,-0.336184859275818,329,21.128324508667,210,-0.292926669120789,329,35,7.14285714285714,50,170,205,170,251,p0022,GOTM
2011,23.720272064209,191,-1.04044206815018e-16,0,21.6408939361572,217,-1.61572990526636e-16,0,23,4.17647058823529,71,175,198,118,246,p0022,GOTM
2012,22.8460903167725,201,-0.26684108376503,8,20.3232879638672,212,-0.292841076850891,339,47,6,60,157,204,123,237,p0022,GOTM
2013,21.9861717224121,221,-3.51773623251395e-13,0,20.5924129486084,188,-5.46288871344086e-13,0,18,6.63636363636364,73,206,224,130,256,p0022,GOTM
2014,26.8513507843018,209,-0.272640973329544,15,21.4347496032715,225,-0.305940479040146,15,48,6.08333333333333,73,177,225,117,262,p0022,GOTM
2015,21.9083271026611,195,-0.218009471893311,46,20.2642364501953,237,-0.250512897968292,46,19,2.83333333333333,51,171,190,118,253,p0022,GOTM
2010,28.3982639312744,194,-0.209018126130104,332,19.4601593017578,240,3.39426566280804e-14,364,2,1,2,249,251,243,251,p0023,GOTM
2011,26.3684749603271,191,0,74,19.7600555419922,248,0,74,135,135,135,113,248,113,248,p0023,GOTM
2012,24.7461261749268,201,-0.178093388676643,7,19.2404441833496,243,3.34526598791221e-25,78,125,41.6666666666667,125,118,243,118,255,p0023,GOTM
2013,24.4291152954102,175,8.67403749417062e-43,100,19.7394332885742,256,1.34664782421615e-42,100,133,66.5,133,121,254,121,256,p0023,GOTM
2014,29.2255077362061,205,-0.311494708061218,359,19.3660583496094,236,8.68440383624755e-14,60,128,19.1428571428571,134,109,237,109,262,p0023,GOTM
2015,24.6901149749756,185,1.95689550825628e-26,59,20.1637516021729,243,3.03871624251704e-26,59,132,67,134,111,243,111,254,p0023,GOTM
2010,24.5982761383057,194,-0.172869920730591,332,17.68581199646,239,5.82994607611909e-06,364,NA,NA,NA,NA,NA,NA,NA,p0024,GOTM
2011,22.4751987457275,191,0,93,16.6928997039795,252,0,94,119,119,119,131,250,131,250,p0024,GOTM
2012,21.0482006072998,210,-0.0241647120565176,6,16.5539951324463,248,5.84237920697756e-33,93,116,39,117,131,247,128,255,p0024,GOTM
2013,21.0086345672607,218,2.09992646358228e-37,112,16.9202747344971,258,3.26023679266066e-37,112,126,126,126,131,257,131,257,p0024,GOTM
2014,25.3354949951172,209,-0.184073969721794,359,16.4003734588623,240,6.84967456965393e-29,79,106,21.6,108,132,238,118,250,p0024,GOTM
2015,21.0932350158691,184,-0.473173081874847,361,17.0940456390381,248,1.7031295528999e-23,73,122,122,122,125,247,125,247,p0024,GOTM
2010,23.9134044647217,194,-0.134079799056053,332,17.3734264373779,239,2.37516744050481e-07,364,NA,NA,NA,NA,NA,NA,NA,p0025,GOTM
2011,21.7369537353516,191,0,90,16.1594257354736,254,0,90,114,114,114,137,251,137,251,p0025,GOTM
2012,20.4741706848145,210,-0.260199308395386,6,16.0440559387207,248,1.23097145658652e-35,97,111,55.5,111,136,247,132,247,p0025,GOTM
2013,20.402286529541,218,4.07833344537709e-39,115,16.3850364685059,258,6.33170265132233e-39,115,121,121,121,136,257,136,257,p0025,GOTM
2014,24.6650409698486,209,-0.0326273143291473,81,15.915093421936,240,4.16537143180658e-28,80,105,35.3333333333333,106,133,238,133,250,p0025,GOTM
2015,20.357723236084,184,-0.395144164562225,361,16.6508121490479,248,1.72716184539006e-24,75,111,59,118,136,247,127,247,p0025,GOTM
2010,24.969087600708,194,-0.334313660860062,329,22.3759231567383,203,-0.444106101989746,329,33,5.33333333333333,48,170,203,165,251,p0026,GOTM
2011,23.3418502807617,191,-8.09499792395829e-17,0,21.4876899719238,218,-1.25709284667644e-16,0,19,3.05555555555556,55,176,195,118,246,p0026,GOTM
2012,22.5865097045898,201,-0.306044340133667,8,20.3773612976074,212,-0.188729286193848,8,22,3.91666666666667,47,158,180,123,237,p0026,GOTM
2013,21.7912044525146,221,-2.34376835430913e-13,0,20.5442371368408,189,-3.63976481333045e-13,0,14,2.88235294117647,49,206,220,130,256,p0026,GOTM
2014,26.5526580810547,209,-0.341030806303024,358,23.0850028991699,220,-0.277910858392715,358,37,4.30769230769231,56,185,222,117,262,p0026,GOTM
2015,21.6592903137207,195,-0.198700696229935,46,20.2488670349121,236,-0.228669077157974,46,16,2.3125,37,171,187,118,253,p0026,GOTM
2010,20.5794715881348,194,-0.310007691383362,329,19.9200592041016,202,-0.350241541862488,329,16,2.5,20,186,202,154,226,p0027,GOTM
2011,19.1573486328125,206,-6.37934526244002e-17,0,18.9165287017822,211,-9.90664125596865e-17,0,7,3,18,176,183,154,209,p0027,GOTM
2012,17.9655857086182,210,-0.361470133066177,8,17.3104133605957,219,-0.33556941151619,338,8,2.14285714285714,15,160,168,145,230,p0027,GOTM
2013,18.2399959564209,221,-0.030392412096262,342,17.5555973052979,222,-2.40238791316891e-13,0,6,0.777777777777778,7,206,212,153,222,p0027,GOTM
2014,21.9128456115723,209,-0.44365382194519,358,20.4542617797852,218,-0.387871980667114,358,17,5.4,27,198,215,159,215,p0027,GOTM
2015,17.4058856964111,221,-0.153781980276108,19,17.3218975067139,236,-0.151944324374199,19,2,0.857142857142857,6,195,197,164,222,p0027,GOTM
2010,22.5047855377197,194,-0.203430578112602,330,18.7733402252197,230,-0.233919441699982,330,40,10.8,54,172,212,167,230,p0028,GOTM
2011,20.7358722686768,191,-1.22858912921015e-16,0,19.1464366912842,221,-1.9079092882103e-16,0,67,11.1428571428571,78,152,219,130,238,p0028,GOTM
2012,19.3428058624268,210,-0.119583711028099,339,17.9872188568115,220,-0.11335901170969,339,58,13.6,68,158,216,145,232,p0028,GOTM
2013,19.3737640380859,221,-2.54819386077965e-13,0,17.9160690307617,229,-3.95723438826462e-13,0,57,20.25,81,137,194,137,238,p0028,GOTM
2014,23.7955284118652,209,-0.234376952052116,359,17.5455455780029,231,-0.337274193763733,15,53,17.75,71,178,231,138,231,p0028,GOTM
2015,18.9836006164551,221,-0.000283103407127783,0,18.0407047271729,238,-0.000428055296652019,0,38,5.3,53,163,201,147,237,p0028,GOTM
2010,22.9455966949463,194,-0.27247080206871,329,19.3349914550781,229,-0.222783252596855,329,38,8.33333333333333,50,172,210,167,249,p0029,GOTM
2011,21.1895179748535,191,-1.06300742291173e-16,0,19.9771881103516,218,-1.65077245238766e-16,0,53,10.8571428571429,76,152,205,129,238,p0029,GOTM
2012,19.7282867431641,210,-0.298725187778473,8,18.4288158416748,220,-0.218031033873558,339,46,10.1666666666667,61,158,204,145,232,p0029,GOTM
2013,19.791862487793,221,-3.42744929660022e-13,0,18.2463302612305,229,-5.32267914639395e-13,0,20,7.4,74,206,226,130,240,p0029,GOTM
2014,24.2797393798828,209,-0.239593669772148,15,18.3944473266602,230,-0.322738796472549,15,49,13.4,67,181,230,139,230,p0029,GOTM
2015,19.3215103149414,221,-0.000256777013419196,0,18.4781036376953,238,-0.000389091961551458,0,26,3.90909090909091,43,171,197,147,237,p0029,GOTM
2010,24.5983180999756,194,-0.221257194876671,331,18.349946975708,237,-0.298246055841446,331,0,0,0,249,249,249,249,p0030,GOTM
2011,22.6882724761963,191,-3.83745841533837e-16,0,17.9160575866699,248,-5.95930930013269e-16,0,115,57.5,115,129,244,129,246,p0030,GOTM
2012,20.9898777008057,210,-0.31759986281395,342,17.5036182403564,239,-0.00142305856570601,346,103,26.25,105,136,239,128,239,p0030,GOTM
2013,20.810998916626,221,-2.9033112719512e-12,0,17.7031097412109,244,-4.50874277149738e-12,0,114,28.75,115,129,243,129,256,p0030,GOTM
2014,25.5807399749756,209,-0.303972125053406,14,17.5801448822021,234,-0.0944997444748878,360,100,26,104,133,233,117,250,p0030,GOTM
2015,20.8541431427002,184,-0.000355584546923637,0,18.4389572143555,242,-0.00053459097398445,0,100,25,100,140,240,129,243,p0030,GOTM
2010,26.2389106750488,194,-0.247797429561615,330,20.6616363525391,231,-0.326151609420776,330,2,0.5,2,249,251,232,251,p0031,GOTM
2011,24.4568099975586,191,-1.55973255712338e-16,0,21.4238128662109,221,-2.42215238726014e-16,0,92,9.8,98,127,219,115,246,p0031,GOTM
2012,23.3139514923096,201,-0.248897179961205,8,20.1821384429932,221,-0.195225954055786,341,64,8.7,87,157,221,121,238,p0031,GOTM
2013,22.4550113677979,221,-1.78227907692702e-12,0,20.1578807830811,228,-2.76779966133789e-12,0,73,12.375,99,127,200,127,256,p0031,GOTM
2014,27.4801406860352,209,-0.376591056585312,15,20.2459182739258,230,-0.318297207355499,359,53,6,90,177,230,111,262,p0031,GOTM
2015,22.3387870788574,195,-0.000326116161886603,0,20.4908828735352,238,-0.000491403101477772,0,45,9.22222222222222,83,159,204,118,253,p0031,GOTM
2010,27.8860721588135,194,-0.172504022717476,332,19.3281288146973,239,-0.0172723792493343,334,2,1,2,249,251,243,251,p0032,GOTM
2011,25.8884105682373,191,-6.44228907484387e-16,0,19.7209548950195,248,-1.00044543707863e-15,0,133,133,133,114,247,114,247,p0032,GOTM
2012,24.2837829589844,201,-0.133386075496674,7,19.105001449585,242,2.38490955686503e-26,79,123,41,123,119,242,119,255,p0032,GOTM
2013,23.8662643432617,175,0,101,19.4469623565674,244,0,102,121,25,125,123,244,123,256,p0032,GOTM
2014,28.7281513214111,209,-0.348738342523575,359,19.2388362884521,235,-0.0010246851015836,364,125,21.8333333333333,131,109,234,109,262,p0032,GOTM
2015,24.1346683502197,185,-0.000249976816121489,0,20.1629257202148,243,-0.000379008473828435,0,132,66.5,133,111,243,111,253,p0032,GOTM
2010,20.4279289245605,194,-0.323734670877457,329,19.7885417938232,202,-0.362708985805511,329,16,3.28571428571429,23,186,202,154,227,p0033,GOTM
2011,19.1395988464355,206,-6.56218261806078e-17,0,18.8235836029053,211,-1.01905746408222e-16,0,7,3.16666666666667,19,176,183,154,209,p0033,GOTM
2012,17.9063415527344,210,-0.383360952138901,8,17.25172996521,219,-0.30399563908577,338,10,3.33333333333333,20,159,169,145,230,p0033,GOTM
2013,18.1551380157471,221,-0.0107574602589011,342,17.4700965881348,222,-2.29788166576303e-13,0,6,0.888888888888889,8,206,212,153,222,p0033,GOTM
2014,21.805814743042,209,-0.426331102848053,358,20.2983722686768,218,-0.367573887109756,358,20,6.2,31,198,218,159,218,p0033,GOTM
2015,17.3461799621582,221,-0.000197353219846264,0,17.2451286315918,236,-0.000300576473819092,0,4,1.33333333333333,8,182,186,164,222,p0033,GOTM
2010,27.5588798522949,194,-0.247212246060371,331,20.1014060974121,236,-0.27860227227211,331,2,0.666666666666667,2,249,251,243,254,p0034,GOTM
2011,25.6562252044678,191,-3.74798711921329e-16,0,20.5946578979492,239,-5.82036625062984e-16,0,119,24.2,121,114,233,114,246,p0034,GOTM
2012,24.3266048431396,201,-0.332588583230972,8,20.1214237213135,238,-0.0994505733251572,343,116,39.3333333333333,118,119,235,119,242,p0034,GOTM
2013,23.5169944763184,175,-7.7566243358862e-12,0,20.40602684021,233,-1.20457671615171e-11,0,108,19.5,117,125,233,125,256,p0034,GOTM
2014,28.5918960571289,205,-0.206396281719208,359,20.0730800628662,231,-0.394315212965012,359,117,18,126,114,231,109,262,p0034,GOTM
2015,23.5739192962646,185,-0.000393116672057658,0,20.8704299926758,239,-0.000589356350246817,0,99,14.375,115,140,239,112,254,p0034,GOTM
2010,25.3086109161377,194,-0.383404016494751,331,18.5332336425781,237,-0.287988305091858,331,0,0,0,249,249,249,249,p0035,GOTM
2011,23.3966522216797,191,-5.28992880807077e-16,0,18.3155384063721,248,-8.21490033455136e-16,0,117,58.5,117,127,244,127,246,p0035,GOTM
2012,21.6172885894775,210,-0.266370713710785,342,17.8479900360107,239,6.55933280644716e-29,83,112,56,112,127,239,123,239,p0035,GOTM
2013,21.3803081512451,221,0,85,18.0686054229736,244,0,85,116,23.6,118,127,243,127,256,p0035,GOTM
2014,26.2352085113525,209,-0.230069786310196,359,17.9464912414551,234,-0.0336884371936321,361,101,15.1428571428571,106,132,233,116,250,p0035,GOTM
2015,21.5604286193848,185,-0.000351265276549384,0,18.8464450836182,243,-0.000528271892108023,0,101,16,112,140,241,118,252,p0035,GOTM
2010,21.5764846801758,194,-0.271671295166016,329,18.5268478393555,230,-0.219298422336578,329,38,6.5,52,173,211,147,228,p0036,GOTM
2011,19.8260459899902,191,-1.04890015534966e-16,0,18.8191661834717,219,-1.62886487164921e-16,0,66,33,66,152,218,152,238,p0036,GOTM
2012,18.6224021911621,210,-0.321791976690292,8,17.4918251037598,220,-0.18966893851757,339,55,15.5,62,158,213,145,232,p0036,GOTM
2013,18.6469631195068,221,-3.38131947571693e-13,0,17.3952198028564,229,-5.25104211415023e-13,0,30,12,72,139,169,139,238,p0036,GOTM
2014,22.8359699249268,209,-0.236269578337669,358,17.055685043335,231,-0.31746917963028,15,50,12.8,64,181,231,141,231,p0036,GOTM
2015,18.2282276153564,221,-0.000252047000685707,0,17.5967998504639,238,-0.000382075610104948,0,27,3.16666666666667,38,171,198,147,237,p0036,GOTM
2010,23.8447513580322,194,-0.255243211984634,330,19.3745536804199,231,-0.287296265363693,330,0,0,0,235,235,235,249,p0037,GOTM
2011,22.0853385925293,191,-1.44760365905483e-16,0,19.2861747741699,223,-2.24802385382614e-16,0,94,16,96,128,222,128,246,p0037,GOTM
2012,20.4435558319092,201,-0.309472292661667,8,18.5415554046631,232,-0.00807746592909098,11,65,19.25,77,157,222,144,232,p0037,GOTM
2013,20.4518852233887,221,0,74,18.5267868041992,230,0,75,73,19.2,96,129,202,129,247,p0037,GOTM
2014,25.1060028076172,209,-0.252238154411316,359,18.2873229980469,231,-0.287787586450577,359,54,11.8571428571429,83,177,231,117,250,p0037,GOTM
2015,20.0631999969482,221,-0.000300235580652952,0,18.7724418640137,239,-0.000453332642791793,0,44,8.22222222222222,74,162,206,141,243,p0037,GOTM
2010,23.9683151245117,194,-0.302105724811554,330,18.8226203918457,234,-0.22309322655201,330,0,0,0,235,235,235,249,p0038,GOTM
2011,22.1474571228027,191,-2.12856573848368e-16,0,18.4667568206787,240,-3.30551219534202e-16,0,110,110,110,129,239,129,239,p0038,GOTM
2012,20.453441619873,210,-0.333746492862701,8,18.0462951660156,238,-0.150512889027596,342,80,46.5,93,157,237,140,237,p0038,GOTM
2013,20.4100475311279,221,-3.96430284432814e-12,0,18.0209789276123,241,-6.15642042553488e-12,0,104,35.6666666666667,107,129,233,129,247,p0038,GOTM
2014,25.113899230957,209,-0.270356148481369,359,17.5451622009277,232,-0.304327100515366,359,55,19,95,177,232,117,250,p0038,GOTM
2015,20.1762161254883,221,-0.000315150537062436,0,18.4469242095947,240,-0.00047528964933008,0,80,22.75,91,159,239,141,243,p0038,GOTM
2010,21.8031711578369,194,-0.334233492612839,329,20.0883636474609,203,-0.396798521280289,329,29,4.5,36,174,203,147,227,p0039,GOTM
2011,20.1876850128174,191,-6.89951812151623e-17,0,19.4613475799561,209,-1.07144327549634e-16,0,8,3.25,26,176,184,130,209,p0039,GOTM
2012,18.9147987365723,210,-0.357436239719391,8,18.0764617919922,212,-0.258286446332932,338,18,3.66666666666667,33,158,176,145,231,p0039,GOTM
2013,19.1235580444336,221,-1.84018910678006e-13,0,18.28196144104,222,-2.85772788896285e-13,0,12,2.4,24,206,218,152,238,p0039,GOTM
2014,23.2662410736084,209,-0.392471045255661,358,20.9740562438965,221,-0.330465942621231,358,22,5,40,198,220,142,220,p0039,GOTM
2015,18.3828563690186,221,-0.00022509325935971,0,18.0690307617188,236,-0.000341997423674911,0,6,2.14285714285714,15,172,178,163,223,p0039,GOTM
2010,25.5502700805664,194,-0.181409642100334,332,18.1975383758545,239,1.15196074901291e-09,364,0,0,0,249,249,249,249,p0040,GOTM
2011,23.4793453216553,191,-0.000791313010267913,108,17.4796009063721,250,0,85,121,121,121,128,249,128,249,p0040,GOTM
2012,21.8536109924316,210,-0.155895203351974,342,17.3657474517822,247,5.99058365099954e-30,86,117,59,118,127,244,123,244,p0040,GOTM
2013,21.7195205688477,218,0,109,17.7233200073242,257,0,109,129,129,129,127,256,127,256,p0040,GOTM
2014,26.2650356292725,209,-0.162589699029922,13,17.2262115478516,238,1.20514540499168e-21,68,107,23.8,119,130,237,116,250,p0040,GOTM
2015,21.9342212677002,185,-0.0163712035864592,70,17.9831314086914,246,6.59173592352307e-24,68,121,31,124,123,244,116,252,p0040,GOTM
2010,21.9766750335693,194,-0.220806419849396,329,18.5157051086426,230,-0.207014828920364,330,39,8.85714285714286,62,173,212,150,230,p0041,GOTM
2011,20.1736698150635,191,-1.11313483273024e-16,0,18.8035755157471,221,-1.7286167654738e-16,0,67,16.75,67,152,219,140,238,p0041,GOTM
2012,18.9061107635498,210,-0.145216643810272,339,17.6400718688965,220,-0.139212056994438,339,58,16.5,66,158,216,145,232,p0041,GOTM
2013,18.926965713501,221,-3.26130751094125e-13,0,17.5887088775635,229,-5.06466884490214e-13,0,56,19.75,79,138,194,138,238,p0041,GOTM
2014,23.2124919891357,209,-0.21633043885231,358,17.2192535400391,231,-0.327079027891159,15,50,13.2,66,181,231,140,231,p0041,GOTM
2015,18.5258464813232,221,-0.00026422759401612,0,17.6759929656982,238,-0.000400134129449725,0,28,4.09090909090909,45,171,199,147,237,p0041,GOTM
2010,25.4501800537109,194,-0.229386612772942,330,20.5512104034424,211,-0.262874603271484,330,13,3.2,16,217,230,214,251,p0042,GOTM
2011,23.7039470672607,191,-1.34803083328925e-16,0,21.372579574585,218,-2.09339401883792e-16,0,66,8.9,89,152,218,118,246,p0042,GOTM
2012,22.5836544036865,201,-0.25547668337822,8,20.0100231170654,220,-0.117868855595589,339,57,6.63636363636364,73,157,214,121,237,p0042,GOTM
2013,21.8856105804443,221,-3.67109391930659e-13,0,19.9947395324707,199,-5.70104889945772e-13,0,62,11.625,93,129,191,129,256,p0042,GOTM
2014,26.7993984222412,209,-0.24694736301899,15,20.1002063751221,229,-0.343972772359848,15,52,6.75,81,177,229,117,262,p0042,GOTM
2015,21.6541976928711,195,-0.000280855834716931,0,20.0319976806641,238,-0.00042473484063521,0,39,5.23076923076923,68,160,199,118,253,p0042,GOTM
2010,28.2068424224854,194,-0.397029638290405,331,20.0357036590576,237,-0.325289040803909,331,3,1,3,249,252,243,254,p0043,GOTM
2011,26.2796096801758,191,-5.0658827701705e-16,0,20.7527313232422,240,-7.8669725517416e-16,0,127,42.3333333333333,127,113,240,113,246,p0043,GOTM
2012,24.9573955535889,201,-0.361819714307785,8,20.2982387542725,238,-0.00673261051997542,345,119,40,120,119,238,119,247,p0043,GOTM
2013,24.2291393280029,175,-4.64086841872602e-12,0,20.556058883667,242,-7.20710600574104e-12,0,119,31,124,123,242,123,256,p0043,GOTM
2014,29.2357273101807,205,-0.404090315103531,359,20.3233947753906,232,-0.344132453203201,359,123,18.7142857142857,131,109,232,109,262,p0043,GOTM
2015,24.2633018493652,185,-0.000409490428864956,0,21.0996189117432,239,-0.000613167707342654,0,123,25,125,116,239,112,254,p0043,GOTM
2010,22.7671051025391,194,-0.331590265035629,329,21.6225337982178,202,-0.371171236038208,329,14,2.58333333333333,31,186,200,147,249,p0044,GOTM
2011,21.1417713165283,191,-6.68047540135627e-17,0,20.1720218658447,216,-1.03742749112579e-16,0,9,2.63636363636364,29,186,195,130,246,p0044,GOTM
2012,19.9731426239014,201,-0.388561457395554,8,18.8340702056885,212,-0.338739812374115,338,12,3.44444444444444,31,158,170,145,231,p0044,GOTM
2013,20.0160312652588,221,-0.00397263048216701,342,19.2240619659424,220,-2.42235241197306e-13,0,6,1.64285714285714,23,206,212,151,247,p0044,GOTM
2014,24.3305149078369,209,-0.430615872144699,358,21.9923725128174,218,-0.376951426267624,358,17,5.66666666666667,34,198,215,157,215,p0044,GOTM
2015,19.2247486114502,195,-0.122417271137238,20,18.7995700836182,236,-0.118587873876095,20,4,1.23076923076923,16,182,186,147,253,p0044,GOTM
2010,20.0795745849609,194,-0.293711423873901,329,19.6309013366699,202,-0.333802789449692,329,15,2,16,186,201,154,226,p0045,GOTM
2011,18.8705158233643,206,-6.13508081278658e-17,0,18.6960334777832,211,-9.52731607938653e-17,0,7,3.4,17,176,183,154,209,p0045,GOTM
2012,17.6307239532471,210,-0.247410640120506,338,17.0698986053467,219,-0.317728906869888,338,2,0.3,3,163,165,146,230,p0045,GOTM
2013,17.9413871765137,221,-0.0494925156235695,342,17.3952827453613,220,-0.013832276687026,343,5,0.625,5,206,211,153,222,p0045,GOTM
2014,21.4109401702881,209,-0.458583414554596,358,20.2192287445068,218,-0.404350966215134,358,17,5,25,198,215,159,215,p0045,GOTM
2015,17.0798282623291,236,-0.12374509871006,19,17.0673713684082,236,-0.121826738119125,19,2,0.833333333333333,5,195,197,164,222,p0045,GOTM
2010,24.5971755981445,194,-0.342187762260437,329,20.6529483795166,210,-0.298214077949524,329,35,5.55555555555556,50,170,205,165,250,p0046,GOTM
2011,22.9509983062744,191,-9.62395459773437e-17,0,21.141508102417,217,-1.49452915198382e-16,0,46,5.46153846153846,71,152,198,128,246,p0046,GOTM
2012,21.8811664581299,201,-0.277453929185867,8,19.7931518554688,212,-0.298762142658234,339,46,6.33333333333333,57,158,204,123,237,p0046,GOTM
2013,21.3204326629639,221,-3.68435831973532e-13,0,19.9096794128418,188,-5.72164603022951e-13,0,18,6.45454545454545,71,206,224,130,256,p0046,GOTM
2014,26.0489940643311,209,-0.269789725542068,15,20.7253532409668,226,-0.302793055772781,15,49,6.9,69,178,227,117,262,p0046,GOTM
2015,21.0092277526855,195,-0.000253677455475554,0,19.7537975311279,237,-0.00038449457497336,0,20,3.13333333333333,47,171,191,141,253,p0046,GOTM
2010,26.0119915008545,194,-0.272063910961151,329,21.4472599029541,210,-0.227109134197235,329,12,2,16,217,229,208,254,p0047,GOTM
2011,24.274658203125,191,-1.08980608952498e-16,0,21.9678955078125,217,-1.69238890162194e-16,0,46,4.875,78,152,198,115,246,p0047,GOTM
2012,23.4759998321533,201,-0.252595633268356,8,20.6038856506348,213,-0.257813453674316,339,47,5.58333333333333,67,157,204,121,238,p0047,GOTM
2013,22.4405403137207,221,-3.3853006660943e-13,0,20.7007751464844,190,-5.25722315073557e-13,0,22,7.54545454545455,83,168,190,129,256,p0047,GOTM
2014,27.3960914611816,209,-0.232664301991463,358,21.5146331787109,227,-0.25637286901474,15,50,5.64285714285714,79,177,227,117,262,p0047,GOTM
2015,22.504846572876,195,-0.209938690066338,46,20.6326122283936,237,-0.241589441895485,46,29,3.75,60,162,191,118,254,p0047,GOTM
2010,27.0818653106689,194,-0.272754371166229,330,21.1130638122559,230,-0.317922949790955,330,13,2.5,15,217,230,217,254,p0048,GOTM
2011,25.2474117279053,191,-1.55018424587655e-16,0,22.2474822998047,219,-2.40732428142507e-16,0,92,9.45454545454546,104,127,219,114,246,p0048,GOTM
2012,24.3716449737549,201,-0.226996749639511,8,20.9477996826172,220,-0.110797762870789,340,62,8.09090909090909,89,157,219,121,242,p0048,GOTM
2013,23.1586170196533,221,-8.38120371715600e-13,0,20.95143699646,199,-1.30156725241387e-12,0,72,14.8571428571429,104,127,199,127,256,p0048,GOTM
2014,28.3760261535645,205,-0.383107334375381,15,20.810209274292,229,-0.317873626947403,15,53,7.14285714285714,100,176,229,109,262,p0048,GOTM
2015,23.3431625366211,195,-0.00030864926520735,0,20.9844627380371,238,-0.000465724122477695,0,44,7.72727272727273,85,159,203,118,254,p0048,GOTM
2010,22.6294078826904,194,-0.279555946588516,329,21.550760269165,199,-0.318220764398575,329,13,1.91666666666667,23,186,199,147,249,p0049,GOTM
2011,20.9492378234863,191,-5.90804554267588e-17,0,20.1525726318359,211,-9.1747472177703e-17,0,7,1.58333333333333,19,176,183,130,246,p0049,GOTM
2012,19.7734928131104,201,-0.233847841620445,338,18.7259407043457,212,-0.333789020776749,8,10,2.1,21,158,168,145,231,p0049,GOTM
2013,19.9113578796387,221,-0.055131308734417,342,19.1659965515137,220,-0.0200111214071512,343,5,1.16666666666667,14,206,211,153,238,p0049,GOTM
2014,24.1525287628174,209,-0.474760681390762,358,22.0037937164307,218,-0.426387071609497,358,16,3.25,26,198,214,158,214,p0049,GOTM
2015,19.0432052612305,195,-0.207876786589622,45,18.7094573974609,236,-0.221076831221581,46,3,0.833333333333333,10,172,175,147,222,p0049,GOTM
2010,26.3966541290283,194,-0.336373597383499,331,18.9944133758545,237,-0.249450355768204,331,1,1,1,249,250,249,250,p0050,GOTM
2011,24.5001544952393,191,-5.6601886145349e-16,0,19.1131763458252,244,-8.78988747497127e-16,0,116,38.6666666666667,116,127,243,118,246,p0050,GOTM
2012,22.838005065918,201,-0.223902657628059,342,18.6648902893066,239,3.92881210489117e-28,81,118,39.3333333333333,118,121,239,119,242,p0050,GOTM
2013,22.2918834686279,221,0,87,18.9879837036133,243,0,87,118,24,120,125,243,125,256,p0050,GOTM
2014,27.3541431427002,209,-0.447113871574402,359,18.7081336975098,234,-0.0394123829901218,361,103,20.1666666666667,121,130,233,111,262,p0050,GOTM
2015,22.6243724822998,185,-0.000406608305638656,0,19.5969791412354,241,-0.000608979840762913,0,117,30.75,123,123,240,116,253,p0050,GOTM
2010,22.0930976867676,194,-0.345098078250885,329,20.9968891143799,202,-0.409915268421173,329,16,3.4,34,186,202,147,249,p0051,GOTM
2011,20.4728584289551,191,-7.07560237461611e-17,0,19.659252166748,209,-1.09878788131388e-16,0,8,3.5,28,176,184,130,236,p0051,GOTM
2012,19.1475563049316,210,-0.358481705188751,8,18.3027286529541,212,-0.284176558256149,338,18,4.25,34,158,176,145,231,p0051,GOTM
2013,19.3877220153809,221,-1.66035154375299e-13,0,18.4992504119873,222,-2.57844825135231e-13,0,12,2.6,26,206,218,151,238,p0051,GOTM
2014,23.5777206420898,209,-0.399135053157806,358,21.2976512908936,219,-0.339028298854828,358,21,4.75,38,198,219,142,219,p0051,GOTM
2015,18.6036128997803,221,-0.133965775370598,33,18.2861843109131,236,-0.157134935259819,33,4,1.5,15,172,176,147,223,p0051,GOTM
2010,25.5496883392334,194,-0.195842042565346,330,19.415491104126,235,-0.189367815852165,331,1,1,1,249,250,249,250,p0052,GOTM
2011,23.7136173248291,191,-2.74839745010918e-16,0,19.4686946868896,240,-4.26806958399217e-16,0,106,27,108,127,233,127,246,p0052,GOTM
2012,22.1057109832764,201,-0.308683186769485,8,19.0004768371582,238,-0.158514007925987,342,78,14.2857142857143,100,157,235,121,237,p0052,GOTM
2013,21.6907424926758,221,-3.91105160410521e-12,0,19.0434246063232,233,-6.07372355534985e-12,0,106,18.5,111,127,233,127,256,p0052,GOTM
2014,26.60888671875,209,-0.18681126832962,359,18.8419437408447,232,-0.216446951031685,359,99,15,105,133,232,115,250,p0052,GOTM
2015,21.6326141357422,185,-0.00023655328550376,0,19.4898357391357,239,-0.000359059544280171,0,99,20,100,140,239,118,253,p0052,GOTM
2010,22.5110778808594,194,-0.329338133335114,329,21.3704051971436,202,-0.371857792139053,329,16,3.09090909090909,34,186,202,147,249,p0053,GOTM
2011,20.8920307159424,191,-6.64712480254711e-17,0,19.9431686401367,209,-1.03224848022338e-16,0,9,3.1,31,186,195,130,236,p0053,GOTM
2012,19.6404056549072,201,-0.365091472864151,8,18.6294269561768,212,-0.311750143766403,338,18,4.25,34,158,176,145,231,p0053,GOTM
2013,19.7688312530518,221,-1.63301338597377e-13,0,18.807674407959,222,-2.53599306268212e-13,0,11,2.27272727272727,25,206,217,151,238,p0053,GOTM
2014,24.0579280853271,209,-0.405343234539032,358,21.7171726226807,218,-0.347291946411133,358,18,5.14285714285714,36,198,216,157,218,p0053,GOTM
2015,18.9345073699951,195,-0.124301329255104,19,18.5986347198486,236,-0.122269757091999,19,4,1.41666666666667,17,172,176,147,223,p0053,GOTM
2010,25.3089294433594,194,-0.177574172616005,329,23.4109649658203,202,-0.452722132205963,329,32,5.22222222222222,47,170,202,165,251,p0054,GOTM
2011,23.6217212677002,191,-7.97472056893716e-17,0,21.6799869537354,218,-1.2384145790494e-16,0,12,2.73684210526316,52,128,140,118,246,p0054,GOTM
2012,22.995475769043,201,-0.311997771263123,8,20.6098079681396,212,-0.232650279998779,338,21,3.46153846153846,45,157,178,123,237,p0054,GOTM
2013,22.0724086761475,221,-2.06396694440308e-13,0,20.8298721313477,189,-3.20524531395583e-13,0,14,2.76470588235294,47,206,220,130,256,p0054,GOTM
2014,26.878288269043,209,-0.230476021766663,14,23.439172744751,218,-0.221628397703171,358,34,3.375,54,185,219,117,262,p0054,GOTM
2015,22.029447555542,195,-0.173340663313866,21,20.4698905944824,236,-0.173098683357239,46,16,2.11111111111111,38,171,187,118,253,p0054,GOTM
2010,21.7877159118652,194,-0.456275105476379,329,18.9145984649658,228,-0.413361668586731,329,32,4.88888888888889,44,173,205,147,227,p0055,GOTM
2011,20.1180801391602,191,-8.38027994408252e-17,0,19.3899040222168,218,-1.301395052098e-16,0,19,5.25,42,154,173,133,238,p0055,GOTM
2012,18.8867282867432,210,-0.323041498661041,8,17.9362678527832,212,-0.21400198340416,339,23,9.2,46,158,181,145,231,p0055,GOTM
2013,18.9539489746094,221,-2.81048269509462e-13,0,17.7401485443115,224,-4.36455315248538e-13,0,17,3.36363636363636,37,206,223,151,238,p0055,GOTM
2014,23.1607608795166,209,-0.310811698436737,358,19.0102863311768,227,-0.256639868021011,15,46,11.6,58,181,227,141,227,p0055,GOTM
2015,18.3892383575439,221,-0.000228799806791358,0,17.8753814697266,237,-0.000347518769558519,0,17,3.375,27,172,189,147,224,p0055,GOTM
2010,23.9069442749023,194,-0.292301803827286,329,20.1776371002197,210,-0.245327055454254,329,39,8.5,51,170,209,167,249,p0056,GOTM
2011,22.2540264129639,191,-1.02764293709603e-16,0,20.6744480133057,218,-1.59585388011234e-16,0,49,6.90909090909091,76,152,201,128,246,p0056,GOTM
2012,20.9604644775391,201,-0.283009350299835,8,19.1636543273926,213,-0.259783893823624,339,46,8.71428571428571,61,158,204,123,232,p0056,GOTM
2013,20.7040538787842,221,-3.59624927493557e-13,0,19.0371112823486,190,-5.58481754765749e-13,0,19,7.3,73,206,225,130,247,p0056,GOTM
2014,25.3683166503906,209,-0.259021759033203,15,19.6322898864746,228,-0.303305894136429,15,50,10.4285714285714,73,178,228,117,250,p0056,GOTM
2015,20.1484355926514,195,-0.000264873204287142,0,19.288330078125,237,-0.000401090190280229,0,21,4,48,171,192,147,253,p0056,GOTM
2010,29.0925598144531,194,-0.271407574415207,332,19.6724472045898,241,1.26995747251613e-10,364,3,1,3,249,252,243,254,p0057,GOTM
2011,26.9877071380615,191,0,82,19.9738082885742,248,0,83,135,135,135,113,248,113,248,p0057,GOTM
2012,25.3579845428467,201,-0.229516446590424,7,19.3893699645996,244,5.88827078901404e-24,77,127,42.3333333333333,127,116,243,116,255,p0057,GOTM
2013,25.1558094024658,187,6.93710002167072e-40,99,20.1501731872559,256,1.07705341396316e-39,99,135,67.5,135,121,256,117,256,p0057,GOTM
2014,29.8792095184326,205,-0.285093396902084,359,19.631311416626,237,1.61648614686958e-14,61,129,19.8571428571429,139,108,237,108,262,p0057,GOTM
2015,25.376314163208,185,4.38559205430824e-22,58,20.3599720001221,244,6.81008801514056e-22,58,134,34,136,110,244,105,259,p0057,GOTM
2010,19.755521774292,194,-0.306235879659653,329,19.4147529602051,202,-0.34618678689003,329,16,3.16666666666667,19,186,202,154,226,p0058,GOTM
2011,18.8004474639893,206,-6.32051022157484e-17,0,18.5632762908936,211,-9.81527485597298e-17,0,6,3.4,17,177,183,154,209,p0058,GOTM
2012,17.4972267150879,210,-0.362396568059921,8,16.9544219970703,219,-0.296112328767776,8,2,0.4,4,163,165,145,230,p0058,GOTM
2013,17.7775650024414,221,-0.0300008691847324,342,17.1520500183105,222,-2.10346239666766e-13,0,6,0.857142857142857,6,206,212,153,222,p0058,GOTM
2014,21.1674118041992,209,-0.440813004970551,358,19.986255645752,218,-0.383529663085938,358,18,7,28,198,216,159,216,p0058,GOTM
2015,16.9492702484131,221,-0.000202749375603162,0,16.9322528839111,238,-0.000308648071950302,0,2,0.833333333333333,5,195,197,164,222,p0058,GOTM
2010,20.4009647369385,194,-0.322538495063782,329,18.4393272399902,227,-0.381460279226303,329,29,5.16666666666667,31,175,204,154,227,p0059,GOTM
2011,19.186559677124,206,-6.69776810837006e-17,0,18.7020816802979,211,-1.04011304878973e-16,0,8,4.8,24,176,184,154,209,p0059,GOTM
2012,17.9390621185303,210,-0.363473117351532,8,17.239933013916,219,-0.235502868890762,8,17,5.16666666666667,31,159,176,145,230,p0059,GOTM
2013,18.106201171875,221,-1.95124434188357e-13,0,17.398494720459,222,-3.03019219959066e-13,0,11,2.85714285714286,20,206,217,153,222,p0059,GOTM
2014,21.816858291626,209,-0.384481996297836,358,19.5429935455322,223,-0.317850828170776,358,36,8.2,41,187,223,159,223,p0059,GOTM
2015,17.3875026702881,221,-0.000220256770262495,0,17.2048950195312,236,-0.000334788637701422,0,5,2.16666666666667,13,173,178,163,222,p0059,GOTM
2010,23.5647449493408,194,-0.196524053812027,329,19.5418071746826,230,-0.219859197735786,330,41,13.5,54,170,211,170,249,p0060,GOTM
2011,21.8341159820557,191,-1.16857009510338e-16,0,20.1832370758057,218,-1.8147039002768e-16,0,66,10.5,84,152,218,128,246,p0060,GOTM
2012,20.3199920654297,201,-0.289304822683334,8,18.8100700378418,220,-0.145908176898956,339,55,13,65,158,213,145,232,p0060,GOTM
2013,20.3068542480469,221,-3.19020417721694e-13,0,18.6188507080078,229,-4.95424881674644e-13,0,61,12.2857142857143,86,130,191,130,247,p0060,GOTM
2014,24.9179363250732,209,-0.242122814059258,359,18.7346439361572,230,-0.321889638900757,15,52,8,72,178,230,117,249,p0060,GOTM
2015,19.8425598144531,221,-0.000290507974568754,0,18.8656787872314,238,-0.000438987481174991,0,36,5.6,56,163,199,141,237,p0060,GOTM
2010,21.8352146148682,194,-0.22300523519516,329,19.2455978393555,204,-0.424522548913956,329,30,4.75,38,174,204,147,227,p0061,GOTM
2011,20.2139835357666,191,-7.35320749691136e-17,0,19.4568290710449,218,-1.14189808638553e-16,0,8,3.5,28,161,169,130,209,p0061,GOTM
2012,18.9380931854248,210,-0.338338285684586,8,18.063793182373,212,-0.210206598043442,8,19,4.75,38,158,177,145,231,p0061,GOTM
2013,19.1014270782471,221,-2.12279792268649e-13,0,18.2515087127686,222,-3.29660750737412e-13,0,12,2.8,28,206,218,151,238,p0061,GOTM
2014,23.2903575897217,209,-0.363507628440857,358,20.3425559997559,223,-0.295843213796616,358,38,6.57142857142857,46,185,223,141,223,p0061,GOTM
2015,18.4175357818604,221,-0.00023347522073891,0,18.0529346466064,236,-0.000354478193912655,0,15,3.28571428571429,23,172,187,147,223,p0061,GOTM
2010,20.5975322723389,196,-0.45453679561615,329,18.3161525726318,228,-0.410348892211914,329,32,6.33333333333333,38,174,206,154,227,p0062,GOTM
2011,19.1269016265869,206,-8.33460038367938e-17,0,18.720287322998,218,-1.29430141586254e-16,0,38,7.16666666666667,43,157,195,152,211,p0062,GOTM
2012,18.0580177307129,210,-0.232727333903313,339,17.1840152740479,219,-0.284759044647217,339,22,6.83333333333333,41,159,181,145,230,p0062,GOTM
2013,18.0931854248047,221,-3.42163390719755e-13,0,17.0382995605469,224,-5.31364503179171e-13,0,17,3.7,37,206,223,144,223,p0062,GOTM
2014,21.9464378356934,209,-0.309872716665268,358,17.7045879364014,229,-0.274324208498001,15,44,7.71428571428571,54,185,229,143,229,p0062,GOTM
2015,17.5648708343506,221,-0.000226415708311833,0,17.1987209320068,238,-0.000343967956723645,0,18,3.57142857142857,25,172,190,163,237,p0062,GOTM
2010,23.5369739532471,194,-0.474739670753479,329,20.3797035217285,204,-0.434428930282593,329,32,5.5,55,172,204,150,249,p0063,GOTM
2011,21.9497947692871,191,-8.695384141395e-17,0,20.5726318359375,218,-1.35032841015868e-16,0,19,3.85714285714286,54,176,195,129,246,p0063,GOTM
2012,20.7594699859619,201,-0.305189490318298,8,19.3089694976807,212,-0.228039488196373,339,23,5.22222222222222,47,158,181,145,235,p0063,GOTM
2013,20.5249214172363,221,-2.95702833963754e-13,0,19.3781414031982,223,-4.59213179634932e-13,0,17,3.14285714285714,44,206,223,130,247,p0063,GOTM
2014,25.0796527862549,209,-0.31779608130455,358,20.8368644714355,224,-0.252693653106689,15,43,9.5,57,181,224,140,224,p0063,GOTM
2015,19.9611549377441,195,-0.000235617029829882,0,19.2350673675537,236,-0.000357664976036176,0,16,2.66666666666667,32,171,187,147,253,p0063,GOTM
2010,20.5470066070557,194,-0.270202398300171,329,19.945707321167,202,-0.307857811450958,329,14,1.66666666666667,15,186,200,154,226,p0064,GOTM
2011,19.1007957458496,206,-5.7548827952221e-17,0,18.9195137023926,211,-8.93689705745884e-17,0,7,2.66666666666667,16,176,183,154,209,p0064,GOTM
2012,17.9177780151367,210,-0.265632718801498,338,17.2905960083008,219,-0.320496946573257,8,4,1.125,9,161,165,146,230,p0064,GOTM
2013,18.2296314239502,221,-0.0568395406007767,342,17.7215232849121,220,-0.0211448650807142,343,5,0.555555555555556,5,206,211,153,222,p0064,GOTM
2014,21.8520908355713,209,-0.466631799936295,358,20.5282077789307,218,-0.414124727249146,358,17,6.25,25,198,215,159,215,p0064,GOTM
2015,17.3806896209717,220,-0.0887681245803833,19,17.3168125152588,236,-0.146519869565964,20,2,0.857142857142857,6,195,197,164,222,p0064,GOTM
2010,25.4564075469971,194,-0.322742372751236,331,18.5042972564697,238,-0.144237712025642,332,0,0,0,249,249,249,249,p0065,GOTM
2011,23.5440521240234,191,-5.85061009140714e-16,0,18.3228187561035,248,-9.08559514718721e-16,0,119,119,119,127,246,127,246,p0065,GOTM
2012,21.7721996307373,210,-0.238664492964745,342,17.8363056182861,240,9.10117153593078e-29,83,112,56.5,113,127,239,123,239,p0065,GOTM
2013,21.5035934448242,221,0,90,17.9734630584717,244,0,90,117,23.8,119,127,244,127,256,p0065,GOTM
2014,26.3831367492676,209,-0.373106062412262,359,17.9040260314941,235,-0.0323723331093788,361,102,15.5714285714286,109,132,234,115,250,p0065,GOTM
2015,21.7563304901123,185,-0.000350944290403277,0,18.8489284515381,243,-0.000527802563738078,0,116,23.2,116,125,241,118,252,p0065,GOTM
2010,25.215259552002,194,-0.268720239400864,330,20.1396198272705,231,-0.313872396945953,330,13,3.5,14,217,230,217,250,p0066,GOTM
2011,23.4705753326416,191,-1.53371064619254e-16,0,20.7916145324707,221,-2.38174203353342e-16,0,94,12,96,128,222,118,246,p0066,GOTM
2012,22.1146259307861,201,-0.271030783653259,8,19.4729595184326,221,-0.137952357530594,341,64,9.11111111111111,82,157,221,121,237,p0066,GOTM
2013,21.6265335083008,221,-1.39096340782269e-12,0,19.5383377075195,228,-2.16011019835149e-12,0,72,13.8571428571429,97,128,200,128,256,p0066,GOTM
2014,26.4937629699707,209,-0.337062537670135,15,19.3538856506348,230,-0.310785263776779,15,53,7.81818181818182,86,177,230,117,262,p0066,GOTM
2015,21.1982707977295,195,-0.000302363012451679,0,19.8575496673584,238,-0.000456467270851135,0,44,9.875,79,160,204,118,253,p0066,GOTM
2010,20.1142997741699,196,-0.357463240623474,329,17.9307861328125,229,-0.307863622903824,329,37,7.33333333333333,44,174,211,154,227,p0067,GOTM
2011,18.6118469238281,191,-9.68384776803913e-17,0,18.2623100280762,218,-1.50382997079137e-16,0,58,29.5,59,157,215,154,215,p0067,GOTM
2012,17.5435104370117,210,-0.264890104532242,339,16.7785358428955,220,-0.263827860355377,339,45,10.2,51,159,204,145,230,p0067,GOTM
2013,17.6386680603027,221,-3.63596766627186e-13,0,16.6844100952148,229,-5.6464978092502e-13,0,19,5.33333333333333,48,206,225,144,225,p0067,GOTM
2014,21.282600402832,209,-0.270013242959976,358,16.3856010437012,231,-0.281847923994064,15,46,7.85714285714286,55,185,231,141,231,p0067,GOTM
2015,17.1891002655029,221,-0.000224452116526663,0,16.8584022521973,238,-0.000341042672516778,0,25,6,30,172,197,163,237,p0067,GOTM
2010,24.7877616882324,194,-0.446323335170746,329,22.2274990081787,203,-0.440565556287766,329,33,5.44444444444444,49,170,203,165,251,p0068,GOTM
2011,23.195240020752,191,-8.28876134285414e-17,0,21.3801116943359,218,-1.28718303038316e-16,0,19,3.73333333333333,56,176,195,128,246,p0068,GOTM
2012,22.3416595458984,201,-0.301018536090851,8,20.2417602539062,212,-0.178735896945,8,23,4.54545454545455,50,158,181,123,237,p0068,GOTM
2013,21.624153137207,221,-2.27557420606414e-13,0,20.3611679077148,189,-3.53386292667804e-13,0,17,3.33333333333333,50,206,223,130,256,p0068,GOTM
2014,26.3530330657959,209,-0.32573989033699,358,22.7508201599121,222,-0.259157657623291,358,41,4.83333333333333,58,181,222,117,262,p0068,GOTM
2015,21.43776512146,195,-0.210327535867691,46,20.1197490692139,236,-0.241735011339188,46,16,2.3125,37,171,187,118,253,p0068,GOTM
2010,23.5212898254395,194,-0.352694511413574,330,18.6496429443359,234,-0.278171539306641,330,0,0,0,249,249,249,249,p0069,GOTM
2011,21.6937408447266,191,-1.86983555427791e-16,0,18.3160572052002,240,-2.90372158741635e-16,0,106,53.5,107,130,236,130,239,p0069,GOTM
2012,20.0809917449951,210,-0.204462647438049,341,17.8529968261719,238,-0.114481762051582,342,78,45,90,157,235,141,235,p0069,GOTM
2013,20.0490741729736,221,-3.16345040440869e-12,0,17.8593349456787,233,-4.91272300617851e-12,0,103,26,104,130,233,130,247,p0069,GOTM
2014,24.6812000274658,209,-0.28616002202034,359,17.2675838470459,233,-0.321616798639297,359,55,23,92,177,232,136,250,p0069,GOTM
2015,19.787914276123,221,-0.0617527589201927,62,18.1814594268799,240,-0.00049697863869369,0,77,14.1666666666667,85,162,239,141,243,p0069,GOTM
2010,28.4356307983398,194,-0.182980701327324,332,19.3864326477051,242,0.00239068386144936,364,2,1,2,249,251,243,251,p0070,GOTM
2011,26.3150424957275,191,1.40129846432482e-45,98,19.3010196685791,250,2.80259692864963e-45,98,135,135,135,114,249,114,249,p0070,GOTM
2012,24.5093460083008,210,-0.136781468987465,6,18.8692245483398,247,1.42439693135862e-24,80,128,42.6666666666667,128,117,245,117,255,p0070,GOTM
2013,24.5949001312256,187,1.2537383729151e-37,102,19.605281829834,257,1.94654123050831e-37,102,135,135,135,122,257,122,257,p0070,GOTM
2014,29.0946216583252,209,-0.212188526988029,12,18.8295879364014,238,6.99737735682292e-20,65,130,22.6666666666667,136,108,238,108,262,p0070,GOTM
2015,24.8395347595215,185,-0.212153136730194,361,19.535083770752,246,2.02872352977109e-15,61,135,45.3333333333333,136,110,245,110,259,p0070,GOTM
2010,25.657958984375,194,-0.250651150941849,330,19.7400569915771,234,-0.177225485444069,330,1,0.5,1,249,250,235,250,p0071,GOTM
2011,23.8550662994385,191,-2.45740986899181e-16,0,19.6399974822998,233,-3.81618518286808e-16,0,104,17.6666666666667,106,127,231,118,246,p0071,GOTM
2012,22.3186645507812,201,-0.340272903442383,8,19.2349243164062,235,-0.104134432971478,342,76,10.4444444444444,94,157,233,121,237,p0071,GOTM
2013,21.8315105438232,221,-2.9182845376341e-12,0,19.3628902435303,233,-4.53199066816068e-12,0,105,18.3333333333333,110,127,232,127,256,p0071,GOTM
2014,26.7917499542236,209,-0.29150053858757,359,18.9348163604736,232,-0.325652986764908,359,55,12.625,101,176,231,115,262,p0071,GOTM
2015,21.7206974029541,185,-0.0657810866832733,55,19.7815380096436,239,-0.000501417787745595,0,83,13.8571428571429,97,155,238,118,253,p0071,GOTM
2010,25.6130809783936,194,-0.424527376890182,329,21.6893138885498,204,-0.384591847658157,329,34,5,50,170,204,165,251,p0072,GOTM
2011,23.9595527648926,191,-9.50024212706543e-17,0,21.8294219970703,218,-1.47531725360001e-16,0,20,3.61111111111111,65,175,195,118,246,p0072,GOTM
2012,23.2410926818848,201,-0.274931162595749,8,20.7796325683594,212,-0.265195518732071,339,24,4.58333333333333,55,157,181,123,237,p0072,GOTM
2013,22.2438564300537,221,-3.33547561315664e-13,0,20.8480472564697,188,-5.17984418378636e-13,0,17,4.84615384615385,63,206,223,130,256,p0072,GOTM
2014,27.1229248046875,209,-0.294515252113342,358,22.6698513031006,223,-0.273727536201477,15,46,5.30769230769231,69,177,223,117,262,p0072,GOTM
2015,22.2715435028076,195,-0.159778505563736,42,20.6286869049072,236,-0.147097423672676,33,17,2.36842105263158,45,171,188,118,253,p0072,GOTM
2010,24.9041175842285,194,-0.351771801710129,329,23.1984825134277,201,-0.398605972528458,329,14,4,52,186,200,147,251,p0073,GOTM
2011,23.191276550293,191,-7.00406647175355e-17,0,21.4051113128662,218,-1.08767884568729e-16,0,9,2.05,41,128,137,118,246,p0073,GOTM
2012,22.5450668334961,201,-0.367393463850021,8,20.3368167877197,212,-0.343182563781738,338,18,2.76923076923077,36,158,176,123,237,p0073,GOTM
2013,21.7790069580078,221,-0.0730829387903214,99,20.6799697875977,220,-0.00620450219139457,99,8,1.94117647058824,33,156,164,130,247,p0073,GOTM
2014,26.4559898376465,209,-0.416955947875977,358,23.3838329315186,215,-0.365349292755127,358,17,2.85714285714286,40,198,215,117,262,p0073,GOTM
2015,21.5838756561279,195,-0.238345563411713,46,20.2233047485352,236,-0.273041754961014,46,5,1.5,27,171,176,118,253,p0073,GOTM
2010,27.2619743347168,194,-0.391948282718658,331,19.5596332550049,237,-0.315637439489365,331,2,1,2,249,251,243,251,p0074,GOTM
2011,25.3437232971191,191,-5.45061784030761e-16,0,19.984375,242,-8.46443941718603e-16,0,128,64,128,114,242,114,246,p0074,GOTM
2012,23.8551959991455,201,-0.418509274721146,8,19.5006999969482,238,-0.000584732799325138,346,119,60,120,119,238,119,242,p0074,GOTM
2013,23.1875896453857,175,-1.22162273786391e-12,0,19.9081726074219,242,-1.89713826245774e-12,0,117,24,120,125,242,125,256,p0074,GOTM
2014,28.2222309112549,209,-0.165544331073761,359,19.5211429595947,232,-0.0887145027518272,360,118,18.1428571428571,127,114,232,109,262,p0074,GOTM
2015,23.3836631774902,185,-0.0358837582170963,56,20.3475894927979,240,-0.000459860893897712,0,123,24.8,124,116,239,112,253,p0074,GOTM
2010,24.8382911682129,194,-0.213243260979652,331,18.0266304016113,238,-0.00450429925695062,335,0,0,0,249,249,249,249,p0075,GOTM
2011,22.8560657501221,191,-4.89785102107215e-16,0,17.3328399658203,249,-7.60603452321925e-16,0,120,120,120,129,249,129,249,p0075,GOTM
2012,21.2240753173828,210,-0.226713284850121,342,17.2217082977295,244,1.44623336334774e-30,87,112,57,114,131,243,127,243,p0075,GOTM
2013,21.0727214813232,218,0,98,17.4048385620117,256,0,99,123,41,123,129,252,129,256,p0075,GOTM
2014,25.6938171386719,209,-0.303160041570663,13,17.1660442352295,237,5.90341721899447e-18,66,105,18.1666666666667,109,132,237,117,250,p0075,GOTM
2015,21.2124786376953,185,-0.0137193342670798,70,17.9153709411621,244,2.98488366937917e-31,67,119,39.6666666666667,119,125,244,118,244,p0075,GOTM
2010,20.6881504058838,194,-0.4507115483284,329,18.5350151062012,227,-0.443329036235809,329,31,6,36,174,205,154,227,p0076,GOTM
2011,19.2796039581299,206,-8.32083014258609e-17,0,18.800386428833,218,-1.29216292236852e-16,0,19,4.85714285714286,34,176,195,154,210,p0076,GOTM
2012,18.1514511108398,210,-0.286470919847488,8,17.3219337463379,219,-0.215267971158028,339,21,6.66666666666667,40,159,180,145,230,p0076,GOTM
2013,18.2056083679199,221,-2.8225336022418e-13,0,17.4442443847656,223,-4.38326756618465e-13,0,17,4.375,35,206,223,152,223,p0076,GOTM
2014,22.0935726165771,209,-0.32970204949379,358,18.4555625915527,227,-0.250489890575409,358,42,7.14285714285714,50,185,227,143,227,p0076,GOTM
2015,17.6421298980713,221,-0.000236937223235145,0,17.2796001434326,238,-0.000359628553269431,0,16,3.83333333333333,23,172,188,163,224,p0076,GOTM
2010,20.7427005767822,196,-0.189621940255165,329,17.6864032745361,231,-0.207245066761971,330,57,15.5,62,173,230,154,230,p0077,GOTM
2011,19.0002555847168,191,-1.11408695070251e-16,0,17.1145629882812,240,-1.73009549971125e-16,0,75,37.5,75,153,228,153,238,p0077,GOTM
2012,17.793399810791,210,-0.355129033327103,8,16.7310600280762,233,-0.0840938463807106,339,64,17.5,70,158,222,145,232,p0077,GOTM
2013,17.9463558197021,221,-1.83868572494264e-13,0,16.7282257080078,230,-2.85539875164581e-13,0,54,19,76,147,201,144,238,p0077,GOTM
2014,21.7934379577637,209,-0.226894035935402,359,16.0724182128906,232,-0.259608238935471,359,51,10.5,63,181,232,141,232,p0077,GOTM
2015,17.5333099365234,221,-0.209768712520599,62,16.9054317474365,239,-0.000417411123635247,0,33,4.8,48,171,204,156,237,p0077,GOTM
2010,26.5469779968262,194,-0.140318155288696,332,18.7847080230713,238,-0.0158369168639183,334,1,1,1,249,250,249,250,p0078,GOTM
2011,24.5893363952637,191,-5.95773752461995e-16,0,18.8492069244385,248,-9.25197465264282e-16,0,120,120,120,127,247,127,247,p0078,GOTM
2012,22.8460655212402,201,-0.18556709587574,7,18.371898651123,243,1.18139932425415e-27,82,121,60.5,121,121,242,119,242,p0078,GOTM
2013,22.5079517364502,187,0,100,18.5810737609863,256,0,100,119,24.4,122,125,244,125,256,p0078,GOTM
2014,27.4150714874268,209,-0.385526329278946,359,18.3972282409668,236,-0.000620716309640557,364,121,25.4,127,114,235,110,262,p0078,GOTM
2015,22.8677959442139,185,-0.000151188622112386,0,19.2105197906494,243,-0.000231236350373365,0,127,42.6666666666667,128,116,243,112,253,p0078,GOTM
2010,20.0745506286621,196,-0.410976618528366,329,18.0242176055908,228,-0.364200294017792,329,36,6.83333333333333,41,174,210,154,227,p0079,GOTM
2011,18.663122177124,212,-9.09383042501689e-17,0,18.3807010650635,218,-1.4122044316534e-16,0,41,9.8,49,157,198,154,213,p0079,GOTM
2012,17.6104183197021,210,-0.336532324552536,8,16.8312797546387,220,-0.282277554273605,339,23,7.5,45,159,182,145,230,p0079,GOTM
2013,17.6747169494629,221,-3.41653219387492e-13,0,16.7215843200684,229,-5.30572276651736e-13,0,18,5.375,43,206,224,144,224,p0079,GOTM
2014,21.3244152069092,209,-0.291796624660492,358,16.8866367340088,230,-0.277282893657684,15,45,9,54,185,230,144,230,p0079,GOTM
2015,17.1900424957275,221,-0.000237050422583707,0,16.8964824676514,238,-0.000359797093551606,0,19,4.33333333333333,26,172,191,163,237,p0079,GOTM
2010,24.1270904541016,194,-0.263921469449997,329,20.2871646881104,210,-0.215990036725998,329,39,10.2,51,170,209,170,250,p0080,GOTM
2011,22.4612884521484,191,-1.0558656116774e-16,0,20.7992916107178,218,-1.63968174708344e-16,0,52,7.8,78,152,204,128,246,p0080,GOTM
2012,21.1838436126709,201,-0.278600543737411,8,19.2950038909912,213,-0.234003320336342,339,47,7.875,63,157,204,123,235,p0080,GOTM
2013,20.8722324371338,221,-3.62518202305998e-13,0,19.200756072998,190,-5.62974905408964e-13,0,20,7.7,77,206,226,130,247,p0080,GOTM
2014,25.5688934326172,209,-0.241004109382629,15,19.7204036712646,229,-0.325004786252975,15,51,10.5714285714286,74,178,229,117,250,p0080,GOTM
2015,20.3557147979736,195,-0.000258391228271648,0,19.4249458312988,237,-0.000391485344152898,0,27,3.71428571428571,52,171,198,141,253,p0080,GOTM
2010,27.1602764129639,194,-0.243422910571098,331,19.8810558319092,236,-0.274558335542679,331,2,1,2,249,251,243,251,p0081,GOTM
2011,25.2647132873535,191,-3.70409572477114e-16,0,20.3310737609863,239,-5.75220603875987e-16,0,125,62.5,125,114,239,114,246,p0081,GOTM
2012,23.8482131958008,201,-0.355364441871643,8,19.8862628936768,238,-0.0880575552582741,343,119,60,120,119,238,119,242,p0081,GOTM
2013,23.0737457275391,175,-6.89433102621373e-12,0,19.9354438781738,242,-1.07066543131307e-11,0,108,19.5,117,125,233,125,256,p0081,GOTM
2014,28.175760269165,209,-0.205499529838562,359,19.7391147613525,232,-0.389856427907944,359,101,15.375,123,130,231,109,262,p0081,GOTM
2015,23.1950435638428,185,-0.000389896100386977,0,20.5179138183594,239,-0.000584667199291289,0,99,14.125,113,140,239,112,253,p0081,GOTM
2010,25.8876972198486,194,-0.362579107284546,330,20.2544326782227,232,-0.301301836967468,330,1,0.5,1,249,250,235,250,p0082,GOTM
2011,24.1011295318604,191,-1.93913648129981e-16,0,20.3939819335938,226,-3.01134109383195e-16,0,96,11,99,127,223,115,246,p0082,GOTM
2012,22.7229442596436,201,-0.285550087690353,8,19.7291126251221,232,-0.083378329873085,342,75,11.375,91,157,232,121,237,p0082,GOTM
2013,22.0905170440674,221,-2.42614760746773e-12,0,19.697624206543,229,-3.76771747481741e-12,0,76,13,104,127,203,127,256,p0082,GOTM
2014,27.0606269836426,209,-0.35730904340744,15,19.434663772583,231,-0.307795435190201,359,54,9.7,97,177,231,117,262,p0082,GOTM
2015,21.8674201965332,185,-0.000317316880682483,0,19.9404182434082,239,-0.000478474888950586,0,48,9.77777777777778,88,159,207,118,253,p0082,GOTM
2010,20.4404621124268,194,-0.284045904874802,329,19.8443241119385,202,-0.323254257440567,329,15,2.25,18,186,201,154,226,p0083,GOTM
2011,19.0708236694336,206,-5.97955497575885e-17,0,18.8569812774658,211,-9.28579654587779e-17,0,7,3,18,176,183,154,209,p0083,GOTM
2012,17.865161895752,210,-0.203374654054642,338,17.2401809692383,219,-0.330526441335678,338,6,1.25,10,161,167,145,230,p0083,GOTM
2013,18.1578483581543,221,-0.0394433811306953,342,17.5316581726074,220,-0.00424405792728066,343,6,0.666666666666667,6,206,212,153,222,p0083,GOTM
2014,21.7715473175049,209,-0.451012283563614,358,20.3986663818359,218,-0.396139293909073,358,17,5.4,27,198,215,159,215,p0083,GOTM
2015,17.3049945831299,221,-0.149242088198662,19,17.2498455047607,236,-0.147416174411774,19,2,1,6,195,197,164,222,p0083,GOTM
2010,24.0489692687988,194,-0.231800869107246,330,19.2467708587646,233,-0.323038220405579,330,0,0,0,235,235,235,249,p0084,GOTM
2011,22.2710037231445,191,-1.66700041251697e-16,0,18.9801712036133,231,-2.58873226894734e-16,0,102,20.8,104,128,230,128,246,p0084,GOTM
2012,20.5653896331787,201,-0.34119388461113,8,18.4775733947754,234,-0.0922975987195969,341,76,44,88,157,233,141,233,p0084,GOTM
2013,20.5564250946045,221,-2.02242454554191e-12,0,18.4950351715088,230,-3.14074937932118e-12,0,75,20,100,129,204,129,247,p0084,GOTM
2014,25.2532634735107,209,-0.209334373474121,15,17.9860191345215,232,-0.148266613483429,359,54,14.8333333333333,89,177,231,117,250,p0084,GOTM
2015,20.2245025634766,221,-0.0919617041945457,56,18.8415641784668,239,-0.000263584486674517,0,46,8.66666666666667,78,162,208,141,243,p0084,GOTM
2010,23.3339366912842,194,-0.320361793041229,329,22.1464939117432,199,-0.361232608556747,329,13,2.28571428571429,32,186,199,147,250,p0085,GOTM
2011,21.6857013702393,191,-6.53787608119703e-17,0,20.5733318328857,216,-1.01528280733657e-16,0,9,2,28,186,195,130,246,p0085,GOTM
2012,20.6645107269287,201,-0.356059193611145,8,19.2454509735107,212,-0.302933812141418,8,12,2.25,27,158,170,123,235,p0085,GOTM
2013,20.5102233886719,221,-0.0229253489524126,342,19.6534404754639,220,-1.58722142959249e-13,0,6,1.375,22,206,212,151,247,p0085,GOTM
2014,24.9099655151367,209,-0.44991210103035,358,22.4291305541992,218,-0.39975318312645,358,16,4.57142857142857,32,198,214,157,222,p0085,GOTM
2015,19.8511543273926,195,-0.233623832464218,46,19.1965293884277,236,-0.267765462398529,46,3,1,15,172,175,147,253,p0085,GOTM
2010,23.926155090332,194,-0.193379059433937,331,17.4653091430664,238,1.49945553478033e-13,364,NA,NA,NA,NA,NA,NA,NA,p0086,GOTM
2011,21.826244354248,191,0,75,16.4447498321533,251,0,76,114,57.5,115,136,250,133,250,p0086,GOTM
2012,20.4893779754639,210,-0.267042547464371,342,16.4113731384277,247,8.54031141580636e-35,94,108,54,108,136,244,132,244,p0086,GOTM
2013,20.3627223968506,218,0,102,16.5903224945068,257,0,102,120,120,120,136,256,136,256,p0086,GOTM
2014,24.7607097625732,209,-0.141902193427086,359,16.2073974609375,238,4.88272336153639e-22,70,104,35,105,133,237,133,250,p0086,GOTM
2015,20.361120223999,184,-0.0394438169896603,80,16.9667510986328,246,3.34978861912301e-31,74,108,21.8,109,136,244,127,244,p0086,GOTM
2010,19.3454208374023,194,-0.238713458180428,329,19.2332763671875,202,-0.272461861371994,329,12,3,12,187,199,179,226,p0087,GOTM
2011,18.4112567901611,206,-5.22823079584387e-17,0,18.3729362487793,211,-8.11904505698194e-17,0,6,2.4,12,177,183,154,208,p0087,GOTM
2012,17.1307621002197,210,-0.208877384662628,338,16.7231006622314,219,-0.345244139432907,8,0,0,0,165,165,165,230,p0087,GOTM
2013,17.5077209472656,221,-0.0911871790885925,342,17.0895824432373,220,-0.0536152049899101,343,5,1.25,5,206,211,163,211,p0087,GOTM
2014,20.6137084960938,209,-0.493147701025009,358,19.931266784668,218,-0.442740380764008,358,15,4.75,19,199,214,159,214,p0087,GOTM
2015,16.7362442016602,238,-0.158819109201431,20,16.7369575500488,238,-0.155299499630928,20,1,0.25,1,195,196,183,221,p0087,GOTM
2010,24.4391403198242,194,-0.238900348544121,331,18.3162498474121,236,-0.269930571317673,331,0,0,0,249,249,249,249,p0088,GOTM
2011,22.5435104370117,191,-3.65420892524921e-16,0,17.8468914031982,248,-5.67473481721722e-16,0,115,57.5,115,129,244,129,246,p0088,GOTM
2012,20.8527889251709,210,-0.34269055724144,342,17.516773223877,239,-0.00830314122140408,345,99,25,100,140,239,128,239,p0088,GOTM
2013,20.6896228790283,221,-5.62005260038023e-12,0,17.7722606658936,243,-8.72774595650494e-12,0,114,28.75,115,129,243,129,256,p0088,GOTM
2014,25.4350280761719,209,-0.26296404004097,14,17.5672435760498,234,-0.102156013250351,360,100,20.4,102,133,233,117,250,p0088,GOTM
2015,20.6776504516602,184,-0.000344559870427474,0,18.3678646087646,241,-0.000518453598488122,0,100,33.3333333333333,100,140,240,129,243,p0088,GOTM
2010,26.001651763916,194,-0.216642469167709,330,20.8880558013916,211,-0.248444244265556,330,13,2.28571428571429,16,217,230,214,254,p0089,GOTM
2011,24.2413330078125,191,-1.28913808830454e-16,0,21.7794971466064,218,-2.00193762159161e-16,0,53,6.84615384615385,89,152,205,115,246,p0089,GOTM
2012,23.2875709533691,201,-0.245814129710197,8,20.3557395935059,220,-0.144515782594681,339,48,5.53846153846154,72,157,205,121,238,p0089,GOTM
2013,22.3567008972168,221,-3.33480557621404e-13,0,20.4471759796143,199,-5.17880877071164e-13,0,62,10.2222222222222,92,129,191,129,256,p0089,GOTM
2014,27.3400917053223,209,-0.238193705677986,359,20.768138885498,229,-0.331888973712921,15,52,6.91666666666667,83,177,229,117,262,p0089,GOTM
2015,22.3187999725342,195,-0.000286735943518579,0,20.3609809875488,238,-0.000433419976616278,0,39,5.53846153846154,72,160,199,118,253,p0089,GOTM
2010,21.221076965332,194,-0.224847942590714,329,18.8173656463623,227,-0.428078234195709,329,30,5.83333333333333,35,174,204,154,227,p0090,GOTM
2011,19.6298274993896,191,-7.40073597141968e-17,0,19.0753688812256,218,-1.14927891972966e-16,0,8,4.66666666666667,28,161,169,154,210,p0090,GOTM
2012,18.4725780487061,210,-0.344264686107635,8,17.6395797729492,219,-0.213213533163071,8,18,4.85714285714286,34,159,177,145,230,p0090,GOTM
2013,18.6033248901367,221,-2.08958691278946e-13,0,17.8199405670166,222,-3.24503255213007e-13,0,12,2.6,26,206,218,152,238,p0090,GOTM
2014,22.584810256958,209,-0.365129858255386,358,19.8308200836182,223,-0.296159446239471,358,38,7.5,45,185,223,142,223,p0090,GOTM
2015,17.9390487670898,221,-0.000212270984775387,0,17.6333522796631,236,-0.000322874024277553,0,15,3.5,21,172,187,163,223,p0090,GOTM
2010,20.5174827575684,196,-0.430487304925919,329,18.2556629180908,228,-0.385125398635864,329,35,6.83333333333333,41,174,209,154,227,p0091,GOTM
2011,19.0293636322021,191,-8.68096671419045e-17,0,18.6523303985596,218,-1.34808959619997e-16,0,39,9,45,157,196,154,211,p0091,GOTM
2012,17.9739036560059,210,-0.212964490056038,339,17.0877952575684,219,-0.288970559835434,339,22,7.16666666666667,43,159,181,145,230,p0091,GOTM
2013,18.0051708221436,221,-3.42943691023292e-13,0,16.9541702270508,224,-5.32576315947358e-13,0,18,4.66666666666667,42,206,224,144,224,p0091,GOTM
2014,21.8522109985352,209,-0.299829751253128,358,17.6022052764893,229,-0.288103669881821,15,44,7.71428571428571,54,185,229,143,229,p0091,GOTM
2015,17.5091400146484,221,-0.000242396257817745,0,17.1379928588867,238,-0.000367744331015274,0,19,3.71428571428571,26,172,191,163,237,p0091,GOTM
2010,21.4139308929443,194,-0.283016234636307,329,20.5553283691406,202,-0.322149366140366,329,14,2.5,20,186,200,154,226,p0092,GOTM
2011,19.776517868042,191,-5.96288364682121e-17,0,19.3826484680176,211,-9.25990777793835e-17,0,7,3,18,176,183,154,209,p0092,GOTM
2012,18.5716648101807,210,-0.363773941993713,8,17.8309211730957,212,-0.314702153205872,338,10,2.375,19,159,169,145,230,p0092,GOTM
2013,18.860523223877,221,-0.0341035351157188,342,18.2600631713867,220,-2.19609215795086e-13,0,6,1.08333333333333,13,206,212,153,238,p0092,GOTM
2014,22.8146076202393,209,-0.450219511985779,358,21.053617477417,218,-0.396767675876617,358,17,5.8,29,198,215,159,215,p0092,GOTM
2015,18.0163688659668,220,-0.0999291688203812,20,17.8464851379395,236,-0.143408417701721,20,2,1,8,173,175,163,222,p0092,GOTM
2010,22.7724113464355,194,-0.295174688100815,329,20.8295211791992,203,-0.408877044916153,329,30,4.3,43,173,203,147,249,p0093,GOTM
2011,21.1829433441162,191,-7.02345360007832e-17,0,20.0933990478516,218,-1.09068965076808e-16,0,9,2.57142857142857,36,186,195,130,246,p0093,GOTM
2012,19.9344997406006,201,-0.34064045548439,8,18.8059349060059,212,-0.224359333515167,338,18,4.625,37,158,176,145,232,p0093,GOTM
2013,19.9601726531982,221,-2.01327764680868e-13,0,18.9565963745117,222,-3.12652708627306e-13,0,12,2.14285714285714,30,206,218,151,247,p0093,GOTM
2014,24.3393211364746,209,-0.374234139919281,358,21.6442337036133,221,-0.311379253864288,358,37,6.71428571428571,47,185,222,141,222,p0093,GOTM
2015,19.2084846496582,195,-0.0613598525524139,43,18.761661529541,236,-0.063767783343792,43,15,2.88888888888889,26,172,187,147,223,p0093,GOTM
2010,24.3425483703613,194,-0.241625443100929,329,20.3993530273438,210,-0.203578338027,330,12,2.6,13,217,229,215,250,p0094,GOTM
2011,22.6676197052002,191,-1.09815803290825e-16,0,20.9252700805664,218,-1.70535882892897e-16,0,52,7.9,79,152,204,128,246,p0094,GOTM
2012,21.4118766784668,201,-0.274621605873108,8,19.4197769165039,213,-0.213193625211716,339,47,7.875,63,157,204,123,235,p0094,GOTM
2013,21.0386562347412,221,-3.53486906629411e-13,0,19.3536853790283,190,-5.489497203158e-13,0,61,10.625,85,129,190,129,256,p0094,GOTM
2014,25.7727870941162,209,-0.233341321349144,15,19.8360958099365,229,-0.316031247377396,15,52,7.5,75,177,229,117,262,p0094,GOTM
2015,20.5694351196289,195,-0.000278972525848076,0,19.4123229980469,237,-0.000421951233875006,0,36,4.30769230769231,56,162,198,141,253,p0094,GOTM
2010,26.7276554107666,194,-0.164390563964844,331,19.4162406921387,237,-0.331981182098389,331,2,1,2,249,251,243,251,p0095,GOTM
2011,24.8386783599854,191,-4.3567335518394e-16,0,19.7611026763916,241,-6.76570954751161e-16,0,115,29.5,118,125,240,115,246,p0095,GOTM
2012,23.2956066131592,201,-0.418902844190598,8,19.2701644897461,238,-0.00904228445142508,344,117,58.5,117,121,238,121,242,p0095,GOTM
2013,22.6109619140625,175,-2.70483310228775e-12,0,19.6153202056885,242,-4.20050235913627e-12,0,117,23.8,119,125,242,125,256,p0095,GOTM
2014,27.7162570953369,209,-0.198912471532822,359,19.2393054962158,232,-0.0697601735591888,360,102,15.5,124,130,232,109,262,p0095,GOTM
2015,22.8589992523193,185,-0.000246762210736051,0,20.0416011810303,240,-0.000374232680769637,0,99,12.3333333333333,111,140,239,112,253,p0095,GOTM
2010,25.2089023590088,194,-0.444150030612946,329,22.5133266448975,203,-0.438510835170746,329,33,5.44444444444444,49,170,203,165,251,p0096,GOTM
2011,23.5838832855225,191,-8.25935407946115e-17,0,21.6345901489258,218,-1.28261619930848e-16,0,19,3.35294117647059,57,176,195,118,246,p0096,GOTM
2012,22.8390007019043,201,-0.296442091464996,8,20.5322227478027,212,-0.188238859176636,339,24,4.72727272727273,52,157,181,123,237,p0096,GOTM
2013,21.9679298400879,221,-0.00477327546104789,99,20.7032451629639,189,-3.94630969612411e-13,0,17,3.3125,53,206,223,130,256,p0096,GOTM
2014,26.7593288421631,209,-0.324235916137695,358,23.002893447876,222,-0.258595615625381,358,41,4.21428571428571,59,181,222,117,262,p0096,GOTM
2015,21.9007797241211,195,-0.194284111261368,46,20.3943138122559,236,-0.223806366324425,46,16,2.41176470588235,41,171,187,118,253,p0096,GOTM
2010,20.5633697509766,196,-0.206771165132523,329,17.6366329193115,231,-0.216927573084831,330,45,11.8,59,173,218,154,230,p0097,GOTM
2011,18.857328414917,191,-1.15609965253743e-16,0,17.0482711791992,240,-1.79533821247351e-16,0,75,37.5,75,153,228,153,238,p0097,GOTM
2012,17.6566390991211,210,-0.353456646203995,8,16.6566467285156,233,-0.064456045627594,339,63,16.75,67,159,222,145,232,p0097,GOTM
2013,17.8279991149902,221,-1.00743720277911e-13,0,16.6749572753906,229,-1.56450536119984e-13,0,53,25,75,147,200,144,228,p0097,GOTM
2014,21.5983905792236,209,-0.231500491499901,359,16.0001373291016,232,-0.264644116163254,359,51,10.5,63,181,232,141,232,p0097,GOTM
2015,17.4020767211914,221,-0.207243114709854,62,16.8232955932617,239,-0.000423981953645125,0,33,5,45,171,204,163,237,p0097,GOTM
2010,25.9279747009277,194,-0.28710263967514,330,20.0001602172852,233,-0.219188421964645,330,1,0.5,1,249,250,235,250,p0098,GOTM
2011,24.1182346343994,191,-2.27255498676981e-16,0,20.1583156585693,230,-3.52911804080752e-16,0,103,15.1428571428571,106,127,230,115,246,p0098,GOTM
2012,22.6546936035156,201,-0.312226861715317,8,19.5240745544434,234,-0.141456812620163,342,76,11.875,95,157,233,121,237,p0098,GOTM
2013,22.0648746490479,221,-3.76262866350063e-12,0,19.6587352752686,230,-5.84322737764986e-12,0,103,15.5714285714286,109,127,230,127,256,p0098,GOTM
2014,27.0677700042725,209,-0.359093070030212,15,19.4063587188721,231,-0.341979175806046,359,55,11.4444444444444,103,176,231,115,262,p0098,GOTM
2015,21.9357089996338,185,-0.000346796790836379,0,19.9372272491455,239,-0.000521729292813689,0,83,12,96,155,238,118,253,p0098,GOTM
2010,22.9664726257324,194,-0.303434371948242,329,21.8356075286865,199,-0.344488918781281,329,13,2,26,186,199,147,249,p0099,GOTM
2011,21.2902526855469,191,-6.2898827013422e-17,0,20.3506393432617,211,-9.76771197075118e-17,0,8,2.08333333333333,25,186,194,130,246,p0099,GOTM
2012,20.1913890838623,201,-0.200569629669189,8,18.9700889587402,212,-0.32823047041893,8,11,1.91666666666667,23,158,169,145,235,p0099,GOTM
2013,20.1949501037598,221,-0.0432664193212986,342,19.3969631195068,220,-0.0089046647772193,343,5,1.07142857142857,15,206,211,151,247,p0099,GOTM
2014,24.501106262207,209,-0.465957999229431,358,22.2113723754883,218,-0.417084693908691,358,16,4.14285714285714,29,198,214,157,214,p0099,GOTM
2015,19.4246006011963,195,-0.200925022363663,46,18.9393215179443,236,-0.231083139777184,46,3,0.928571428571429,13,172,175,147,253,p0099,GOTM
2010,25.8276233673096,194,-0.342083990573883,330,20.1621170043945,233,-0.278906852006912,330,1,0.5,1,249,250,235,250,p0100,GOTM
2011,24.0404682159424,191,-2.00664037498455e-16,0,20.3336811065674,227,-3.11617015608193e-16,0,98,12.625,101,127,225,115,246,p0100,GOTM
2012,22.6248531341553,201,-0.294532358646393,8,19.6616458892822,233,-0.0584397539496422,341,75,10.1111111111111,91,157,232,121,237,p0100,GOTM
2013,22.029275894165,221,-1.10140195574981e-12,0,19.6371574401855,230,-1.71042477056793e-12,0,101,15.1428571428571,106,127,228,127,256,p0100,GOTM
2014,26.9909572601318,209,-0.357500165700912,15,19.3947982788086,231,-0.331013917922974,359,54,12.125,97,177,231,117,262,p0100,GOTM
2015,21.8234405517578,185,-0.00033777579665184,0,19.9015293121338,239,-0.000508511206135154,0,48,9.77777777777778,88,159,207,118,253,p0100,GOTM
